data_date,timestamp,ticker,underlying_price,expiration_date,days_to_expiration,strike_price,option_type,last_price,bid,ask,volume,open_interest,implied_volatility,delta,gamma,theta,vega,rho,moneyness,intrinsic_value,time_value,contract_id
2025-10-07,2025-10-07 18:37:15.333333,AAPL,256.48,2025-10-10,2,110.0,CALL,148.05,146.2,146.9,5,5,3.0703,0.9999,0.0,-0.0172,0.0,0.006,2.3316,146.48,1.57,952ac94c9724
2025-10-07,2025-10-07 18:37:15.334605,AAPL,256.48,2025-10-10,2,120.0,CALL,136.1,136.25,137.3,0,7,3.3008,0.9994,0.0,-0.0485,0.0004,0.0066,2.1373,136.48,0.0,9e825773ad66
2025-10-07,2025-10-07 18:37:15.335137,AAPL,256.48,2025-10-10,2,135.0,CALL,120.55,121.25,122.3,0,2,2.832,0.9992,0.0,-0.0522,0.0005,0.0074,1.8999,121.48,0.0,2015c9b1522b
2025-10-07,2025-10-07 18:37:15.335626,AAPL,256.48,2025-10-10,2,140.0,CALL,116.35,116.2,117.3,1,4,2.6523,0.9993,0.0,-0.0489,0.0005,0.0077,1.832,116.48,0.0,888a7b299c79
2025-10-07,2025-10-07 18:37:15.336207,AAPL,256.48,2025-10-10,2,150.0,CALL,108.04,106.05,107.3,1,0,2.2734,0.9995,0.0,-0.0388,0.0004,0.0082,1.7099,106.48,1.56,bebfb2a87de8
2025-10-07,2025-10-07 18:37:15.336706,AAPL,256.48,2025-10-10,2,160.0,CALL,93.91,96.25,97.3,1,6,2.1484,0.9988,0.0001,-0.0587,0.0007,0.0087,1.603,96.48,0.0,fe9253fe1252
2025-10-07,2025-10-07 18:37:15.337185,AAPL,256.48,2025-10-10,2,165.0,CALL,91.99,91.15,92.3,1,0,1.9688,0.999,0.0001,-0.0507,0.0006,0.009,1.5544,91.48,0.51,029e1dd3a3a6
2025-10-07,2025-10-07 18:37:15.337660,AAPL,256.48,2025-10-10,2,170.0,CALL,87.87,86.1,87.3,2,3,1.8223,0.9991,0.0001,-0.0476,0.0006,0.0093,1.5087,86.48,1.39,63659c60ddce
2025-10-07,2025-10-07 18:37:15.338140,AAPL,256.48,2025-10-10,2,175.0,CALL,83.05,81.1,82.15,2,4,1.6133,0.9994,0.0001,-0.0365,0.0004,0.0096,1.4656,81.48,1.57,aec4b4302ea8
2025-10-07,2025-10-07 18:37:15.338605,AAPL,256.48,2025-10-10,2,180.0,CALL,76.57,76.3,77.35,2,44,1.709,0.9979,0.0002,-0.0756,0.0013,0.0098,1.4249,76.48,0.09,22f65675a89e
2025-10-07,2025-10-07 18:37:15.339041,AAPL,256.48,2025-10-10,2,185.0,CALL,71.73,71.2,72.35,1,4,1.5547,0.9981,0.0002,-0.0669,0.0011,0.0101,1.3864,71.48,0.25,2f8329cc1a4c
2025-10-07,2025-10-07 18:37:15.339434,AAPL,256.48,2025-10-10,2,190.0,CALL,67.43,66.3,67.35,1,26,1.4814,0.9974,0.0003,-0.0801,0.0015,0.0104,1.3499,66.48,0.95,3b2d7e5bb071
2025-10-07,2025-10-07 18:37:15.339822,AAPL,256.48,2025-10-10,2,195.0,CALL,63.37,61.4,62.4,2,109,1.418,0.9962,0.0004,-0.1008,0.0022,0.0106,1.3153,61.48,1.89,c049a5d15b6e
2025-10-07,2025-10-07 18:37:15.340218,AAPL,256.48,2025-10-10,2,200.0,CALL,56.1,56.2,57.1,22,209,1.1289,0.9987,0.0002,-0.0469,0.0008,0.0109,1.2824,56.48,0.0,b18552d98e5d
2025-10-07,2025-10-07 18:37:15.340622,AAPL,256.48,2025-10-10,2,205.0,CALL,51.1,51.4,51.8,4,70,0.9805,0.9991,0.0002,-0.0392,0.0006,0.0112,1.2511,51.48,0.0,c86c0bc4e055
2025-10-07,2025-10-07 18:37:15.341011,AAPL,256.48,2025-10-10,2,210.0,CALL,46.22,45.9,47.4,5,259,0.9336,0.9983,0.0003,-0.0499,0.001,0.0115,1.2213,46.48,0.0,20d0d5a3ca6b
2025-10-07,2025-10-07 18:37:15.341399,AAPL,256.48,2025-10-10,2,215.0,CALL,41.48,41.45,41.95,40,299,0.873,0.9972,0.0005,-0.0625,0.0017,0.0117,1.1929,41.48,0.0,86138a8e3f71
2025-10-07,2025-10-07 18:37:15.341798,AAPL,256.48,2025-10-10,2,217.5,CALL,39.43,38.95,39.5,6,109,0.8398,0.9964,0.0007,-0.0697,0.0021,0.0119,1.1792,38.98,0.45,9f5416b6417d
2025-10-07,2025-10-07 18:37:15.342192,AAPL,256.48,2025-10-10,2,220.0,CALL,36.23,36.45,37.0,17,1226,0.791,0.996,0.0008,-0.0713,0.0022,0.012,1.1658,36.48,0.0,cb15cad93e16
2025-10-07,2025-10-07 18:37:15.342582,AAPL,256.48,2025-10-10,2,222.5,CALL,33.73,33.9,34.25,29,319,0.6367,0.9988,0.0003,-0.0391,0.0007,0.0122,1.1527,33.98,0.0,5906a479ff72
2025-10-07,2025-10-07 18:37:15.342983,AAPL,256.48,2025-10-10,2,225.0,CALL,31.11,31.45,32.45,20,908,0.7861,0.9888,0.002,-0.1371,0.0056,0.0122,1.1399,31.48,0.0,4a177e26a4f7
2025-10-07,2025-10-07 18:37:15.343382,AAPL,256.48,2025-10-10,2,227.5,CALL,28.75,28.95,29.95,26,1389,0.7329,0.9875,0.0023,-0.1401,0.0061,0.0123,1.1274,28.98,0.0,9be2a90b1ffb
2025-10-07,2025-10-07 18:37:15.343782,AAPL,256.48,2025-10-10,2,230.0,CALL,26.44,26.45,27.0,11,2613,0.5947,0.9938,0.0015,-0.0773,0.0033,0.0125,1.1151,26.48,0.0,7388004e0942
2025-10-07,2025-10-07 18:37:15.344178,AAPL,256.48,2025-10-10,2,232.5,CALL,24.15,23.95,24.95,18,297,0.6255,0.9842,0.0033,-0.1459,0.0075,0.0125,1.1031,23.98,0.17,8ab364347ae4
2025-10-07,2025-10-07 18:37:15.344566,AAPL,256.48,2025-10-10,2,235.0,CALL,21.29,21.45,22.1,96,2366,0.5161,0.9897,0.0028,-0.0957,0.0052,0.0127,1.0914,21.48,0.0,a9568e19cbe1
2025-10-07,2025-10-07 18:37:15.344917,AAPL,256.48,2025-10-10,2,237.5,CALL,19.2,18.85,19.5,35,325,0.5303,0.9764,0.0055,-0.1686,0.0106,0.0127,1.0799,18.98,0.22,4b7f2b124bf2
2025-10-07,2025-10-07 18:37:15.345274,AAPL,256.48,2025-10-10,2,240.0,CALL,16.6,16.5,16.9,117,2465,0.4502,0.9781,0.0061,-0.1404,0.0099,0.0128,1.0687,16.48,0.12,3fabe3e829b3
2025-10-07,2025-10-07 18:37:15.345618,AAPL,256.48,2025-10-10,2,242.5,CALL,14.18,13.9,14.4,108,1853,0.3955,0.9737,0.0081,-0.1437,0.0116,0.0129,1.0576,13.98,0.2,3a6175ad7113
2025-10-07,2025-10-07 18:37:15.345956,AAPL,256.48,2025-10-10,2,245.0,CALL,11.55,11.65,11.9,451,5131,0.3403,0.9671,0.0114,-0.1477,0.0139,0.013,1.0469,11.48,0.07,75bc865d4bed
2025-10-07,2025-10-07 18:37:15.346296,AAPL,256.48,2025-10-10,2,247.5,CALL,9.2,9.25,9.5,337,5889,0.3023,0.9469,0.0189,-0.1841,0.0206,0.0128,1.0363,8.98,0.22,5387aa9d5c0d
2025-10-07,2025-10-07 18:37:15.346637,AAPL,256.48,2025-10-10,2,250.0,CALL,7.09,7.0,7.2,2490,21964,0.271,0.9028,0.0334,-0.2487,0.0326,0.0123,1.0259,6.48,0.61,e25fc6bad970
2025-10-07,2025-10-07 18:37:15.346981,AAPL,256.48,2025-10-10,2,252.5,CALL,5.0,4.95,5.1,1208,4655,0.249,0.8081,0.0577,-0.3477,0.0518,0.0111,1.0158,3.98,1.02,2ddd5930ea63
2025-10-07,2025-10-07 18:37:15.347320,AAPL,256.48,2025-10-10,2,255.0,CALL,3.23,3.15,3.3,11542,8960,0.2332,0.6399,0.0845,-0.434,0.071,0.0088,1.0058,1.48,1.75,23bdc0760542
2025-10-07,2025-10-07 18:37:15.347662,AAPL,256.48,2025-10-10,2,257.5,CALL,1.83,1.8,1.87,29804,12806,0.2185,0.4121,0.0938,-0.4166,0.0739,0.0057,0.996,0.0,1.83,3011aade4c89
2025-10-07,2025-10-07 18:37:15.348007,AAPL,256.48,2025-10-10,2,260.0,CALL,0.93,0.93,0.95,50688,39970,0.2127,0.1998,0.0693,-0.2887,0.0531,0.0028,0.9865,0.0,0.93,ff888d87206d
2025-10-07,2025-10-07 18:37:15.348353,AAPL,256.48,2025-10-10,2,262.5,CALL,0.44,0.43,0.44,23566,16022,0.2119,0.0728,0.0344,-0.1414,0.0263,0.001,0.9771,0.0,0.44,60cf7c5c65dc
2025-10-07,2025-10-07 18:37:15.348690,AAPL,256.48,2025-10-10,2,265.0,CALL,0.2,0.2,0.21,11065,18404,0.2197,0.0235,0.0133,-0.0587,0.0105,0.0003,0.9678,0.0,0.2,3e91ee242b2a
2025-10-07,2025-10-07 18:37:15.349024,AAPL,256.48,2025-10-10,2,267.5,CALL,0.09,0.09,0.1,5205,8794,0.2285,0.0069,0.0044,-0.021,0.0036,0.0001,0.9588,0.0,0.09,dd69eb536961
2025-10-07,2025-10-07 18:37:15.349368,AAPL,256.48,2025-10-10,2,270.0,CALL,0.05,0.04,0.05,7443,20005,0.2402,0.0021,0.0014,-0.0076,0.0012,0.0,0.9499,0.0,0.05,8a644eb2e7d7
2025-10-07,2025-10-07 18:37:15.349727,AAPL,256.48,2025-10-10,2,272.5,CALL,0.03,0.02,0.03,3703,9714,0.2578,0.0008,0.0006,-0.0034,0.0005,0.0,0.9412,0.0,0.03,337ce3881078
2025-10-07,2025-10-07 18:37:15.350064,AAPL,256.48,2025-10-10,2,275.0,CALL,0.02,0.02,0.03,4866,11615,0.2891,0.0006,0.0004,-0.0029,0.0004,0.0,0.9327,0.0,0.02,feab38566d2e
2025-10-07,2025-10-07 18:37:15.350403,AAPL,256.48,2025-10-10,2,277.5,CALL,0.02,0.01,0.02,651,893,0.3086,0.0003,0.0002,-0.0017,0.0002,0.0,0.9243,0.0,0.02,3f4ebd08d2c8
2025-10-07,2025-10-07 18:37:15.350735,AAPL,256.48,2025-10-10,2,280.0,CALL,0.01,0.0,0.02,996,3614,0.3359,0.0002,0.0001,-0.0014,0.0002,0.0,0.916,0.0,0.01,6081e1879a19
2025-10-07,2025-10-07 18:37:15.351034,AAPL,256.48,2025-10-10,2,282.5,CALL,0.01,0.0,0.01,592,840,0.3438,0.0001,0.0,-0.0005,0.0001,0.0,0.9079,0.0,0.01,146bd60abc8a
2025-10-07,2025-10-07 18:37:15.351333,AAPL,256.48,2025-10-10,2,285.0,CALL,0.01,0.0,0.01,219,2607,0.3672,0.0001,0.0,-0.0004,0.0,0.0,0.8999,0.0,0.01,7eee7530dd11
2025-10-07,2025-10-07 18:37:15.351637,AAPL,256.48,2025-10-10,2,287.5,CALL,0.01,0.0,0.01,2,1218,0.3984,0.0001,0.0,-0.0005,0.0,0.0,0.8921,0.0,0.01,8fa680105e8d
2025-10-07,2025-10-07 18:37:15.351936,AAPL,256.48,2025-10-10,2,290.0,CALL,0.01,0.0,0.01,5,964,0.4219,0.0,0.0,-0.0004,0.0,0.0,0.8844,0.0,0.01,0d621264a24e
2025-10-07,2025-10-07 18:37:15.352234,AAPL,256.48,2025-10-10,2,295.0,CALL,0.01,0.0,0.01,4,1342,0.4766,0.0,0.0,-0.0004,0.0,0.0,0.8694,0.0,0.01,b0c691fef5cd
2025-10-07,2025-10-07 18:37:15.352529,AAPL,256.48,2025-10-10,2,300.0,CALL,0.01,0.0,0.01,16,1763,0.5,0.0,0.0,-0.0001,0.0,0.0,0.8549,0.0,0.01,3bd855d874e5
2025-10-07,2025-10-07 18:37:15.352833,AAPL,256.48,2025-10-10,2,305.0,CALL,0.01,0.0,0.01,1,298,0.5469,0.0,0.0,-0.0001,0.0,0.0,0.8409,0.0,0.01,c2564954a3bc
2025-10-07,2025-10-07 18:37:15.353131,AAPL,256.48,2025-10-10,2,310.0,CALL,0.01,0.0,0.01,300,750,0.5938,0.0,0.0,-0.0001,0.0,0.0,0.8274,0.0,0.01,4c55956939b4
2025-10-07,2025-10-07 18:37:15.353428,AAPL,256.48,2025-10-10,2,315.0,CALL,0.03,0.0,0.01,0,63,0.625,0.0,0.0,-0.0001,0.0,0.0,0.8142,0.0,0.03,2a919cfe8bf0
2025-10-07,2025-10-07 18:37:15.353729,AAPL,256.48,2025-10-10,2,320.0,CALL,0.02,0.0,0.01,0,189,0.6719,0.0,0.0,-0.0001,0.0,0.0,0.8015,0.0,0.02,cef6c3c65746
2025-10-07,2025-10-07 18:37:15.354027,AAPL,256.48,2025-10-10,2,325.0,CALL,0.01,0.0,0.01,1,35,0.7188,0.0,0.0,-0.0001,0.0,0.0,0.7892,0.0,0.01,75b936a88ce6
2025-10-07,2025-10-07 18:37:15.354576,AAPL,256.48,2025-10-10,2,120.0,PUT,0.01,0.0,0.01,4,38,2.1875,-0.0,0.0,-0.0,0.0,-0.0,2.1373,0.0,0.01,e49b7cee0bc3
2025-10-07,2025-10-07 18:37:15.354883,AAPL,256.48,2025-10-10,2,125.0,PUT,0.01,0.0,0.01,1,2,2.0625,-0.0,0.0,-0.0,0.0,-0.0,2.0518,0.0,0.01,ddc3d2b906d6
2025-10-07,2025-10-07 18:37:15.355202,AAPL,256.48,2025-10-10,2,135.0,PUT,0.01,0.0,0.01,80,103,1.875,-0.0,0.0,-0.0001,0.0,-0.0,1.8999,0.0,0.01,2a4a848ac222
2025-10-07,2025-10-07 18:37:15.355518,AAPL,256.48,2025-10-10,2,140.0,PUT,0.01,0.0,0.01,0,110,1.75,-0.0,0.0,-0.0,0.0,-0.0,1.832,0.0,0.01,5b557a6a070f
2025-10-07,2025-10-07 18:37:15.355831,AAPL,256.48,2025-10-10,2,145.0,PUT,0.02,0.0,0.01,0,15,1.6875,-0.0,0.0,-0.0001,0.0,-0.0,1.7688,0.0,0.02,f87dd0f95a24
2025-10-07,2025-10-07 18:37:15.356134,AAPL,256.48,2025-10-10,2,150.0,PUT,0.01,0.0,0.01,1,7,1.5625,-0.0,0.0,-0.0,0.0,-0.0,1.7099,0.0,0.01,c547115fa29d
2025-10-07,2025-10-07 18:37:15.356440,AAPL,256.48,2025-10-10,2,155.0,PUT,0.01,0.0,0.01,191,212,1.5,-0.0,0.0,-0.0001,0.0,-0.0,1.6547,0.0,0.01,7269334c358e
2025-10-07,2025-10-07 18:37:15.356725,AAPL,256.48,2025-10-10,2,160.0,PUT,0.01,0.0,0.01,227,318,1.375,-0.0,0.0,-0.0,0.0,-0.0,1.603,0.0,0.01,5e8a84b2654a
2025-10-07,2025-10-07 18:37:15.357007,AAPL,256.48,2025-10-10,2,165.0,PUT,0.02,0.0,0.01,1,299,1.3125,-0.0,0.0,-0.0001,0.0,-0.0,1.5544,0.0,0.02,0ae71d48f6af
2025-10-07,2025-10-07 18:37:15.357292,AAPL,256.48,2025-10-10,2,170.0,PUT,0.01,0.0,0.01,3,278,1.2188,-0.0,0.0,-0.0001,0.0,-0.0,1.5087,0.0,0.01,85a7071c494d
2025-10-07,2025-10-07 18:37:15.357569,AAPL,256.48,2025-10-10,2,175.0,PUT,0.02,0.0,0.01,109,211,1.1563,-0.0,0.0,-0.0001,0.0,-0.0,1.4656,0.0,0.02,36fcf90eb5c5
2025-10-07,2025-10-07 18:37:15.357848,AAPL,256.48,2025-10-10,2,180.0,PUT,0.01,0.0,0.01,2,1364,1.0625,-0.0,0.0,-0.0001,0.0,-0.0,1.4249,0.0,0.01,d04e0fba43fc
2025-10-07,2025-10-07 18:37:15.358129,AAPL,256.48,2025-10-10,2,185.0,PUT,0.01,0.0,0.01,1,1221,0.9844,-0.0,0.0,-0.0001,0.0,-0.0,1.3864,0.0,0.01,faa917da3300
2025-10-07,2025-10-07 18:37:15.358407,AAPL,256.48,2025-10-10,2,190.0,PUT,0.01,0.0,0.01,1,840,0.9063,-0.0,0.0,-0.0001,0.0,-0.0,1.3499,0.0,0.01,10c3d21ec5b5
2025-10-07,2025-10-07 18:37:15.358686,AAPL,256.48,2025-10-10,2,195.0,PUT,0.01,0.0,0.01,1,342,0.8438,-0.0,0.0,-0.0001,0.0,-0.0,1.3153,0.0,0.01,990592e3530d
2025-10-07,2025-10-07 18:37:15.358966,AAPL,256.48,2025-10-10,2,200.0,PUT,0.01,0.0,0.01,6,1467,0.7656,-0.0,0.0,-0.0001,0.0,-0.0,1.2824,0.0,0.01,8b8cbdf24bca
2025-10-07,2025-10-07 18:37:15.359243,AAPL,256.48,2025-10-10,2,205.0,PUT,0.01,0.0,0.01,3,3615,0.6875,-0.0,0.0,-0.0001,0.0,-0.0,1.2511,0.0,0.01,4e7e313599c4
2025-10-07,2025-10-07 18:37:15.359611,AAPL,256.48,2025-10-10,2,210.0,PUT,0.01,0.0,0.01,2,1379,0.625,-0.0,0.0,-0.0001,0.0,-0.0,1.2213,0.0,0.01,e98ac2794239
2025-10-07,2025-10-07 18:37:15.360079,AAPL,256.48,2025-10-10,2,215.0,PUT,0.01,0.0,0.01,104,1158,0.5625,-0.0,0.0,-0.0001,0.0,-0.0,1.1929,0.0,0.01,86d70da43353
2025-10-07,2025-10-07 18:37:15.360364,AAPL,256.48,2025-10-10,2,217.5,PUT,0.01,0.0,0.01,400,1121,0.5313,-0.0,0.0,-0.0001,0.0,-0.0,1.1792,0.0,0.01,35f294c072d7
2025-10-07,2025-10-07 18:37:15.360650,AAPL,256.48,2025-10-10,2,220.0,PUT,0.01,0.0,0.02,292,6238,0.5234,-0.0,0.0,-0.0004,0.0,-0.0,1.1658,0.0,0.01,ef1fccc6f839
2025-10-07,2025-10-07 18:37:15.360933,AAPL,256.48,2025-10-10,2,222.5,PUT,0.01,0.0,0.02,59,527,0.5234,-0.0001,0.0,-0.0011,0.0001,-0.0,1.1527,0.0,0.01,17746c2bda15
2025-10-07,2025-10-07 18:37:15.361213,AAPL,256.48,2025-10-10,2,225.0,PUT,0.01,0.01,0.02,72,2701,0.4883,-0.0001,0.0001,-0.0012,0.0001,-0.0,1.1399,0.0,0.01,eb1696ddf8e9
2025-10-07,2025-10-07 18:37:15.361498,AAPL,256.48,2025-10-10,2,227.5,PUT,0.02,0.01,0.02,47,435,0.4492,-0.0001,0.0001,-0.0012,0.0001,-0.0,1.1274,0.0,0.02,3eda02f859de
2025-10-07,2025-10-07 18:37:15.361778,AAPL,256.48,2025-10-10,2,230.0,PUT,0.02,0.02,0.03,88,2874,0.4336,-0.0003,0.0001,-0.0024,0.0002,-0.0,1.1151,0.0,0.02,89dcc62ebb23
2025-10-07,2025-10-07 18:37:15.362057,AAPL,256.48,2025-10-10,2,232.5,PUT,0.03,0.02,0.03,62,2168,0.3945,-0.0004,0.0002,-0.0024,0.0002,-0.0,1.1031,0.0,0.03,75c2e6ada382
2025-10-07,2025-10-07 18:37:15.362346,AAPL,256.48,2025-10-10,2,235.0,PUT,0.04,0.03,0.04,503,3597,0.3711,-0.0007,0.0003,-0.0041,0.0004,-0.0,1.0914,0.0,0.04,102be20074fc
2025-10-07,2025-10-07 18:37:15.362626,AAPL,256.48,2025-10-10,2,237.5,PUT,0.04,0.04,0.05,713,1976,0.3418,-0.0011,0.0006,-0.0059,0.0007,-0.0,1.0799,0.0,0.04,975074cdc8ed
2025-10-07,2025-10-07 18:37:15.362884,AAPL,256.48,2025-10-10,2,240.0,PUT,0.06,0.06,0.07,1523,4754,0.3174,-0.0022,0.0011,-0.0103,0.0013,-0.0,1.0687,0.0,0.06,7ede93a5cf78
2025-10-07,2025-10-07 18:37:15.363143,AAPL,256.48,2025-10-10,2,242.5,PUT,0.09,0.09,0.1,4179,5353,0.292,-0.0045,0.0024,-0.0179,0.0025,-0.0001,1.0576,0.0,0.09,1ff7d0a1cd25
2025-10-07,2025-10-07 18:37:15.363407,AAPL,256.48,2025-10-10,2,245.0,PUT,0.15,0.15,0.16,5526,7202,0.271,-0.0106,0.0054,-0.0357,0.0053,-0.0001,1.0469,0.0,0.15,d2458dd06435
2025-10-07,2025-10-07 18:37:15.363665,AAPL,256.48,2025-10-10,2,247.5,PUT,0.25,0.25,0.27,3424,7362,0.2517,-0.0265,0.0128,-0.0724,0.0116,-0.0004,1.0363,0.0,0.25,5b6dfa9f7967
2025-10-07,2025-10-07 18:37:15.363930,AAPL,256.48,2025-10-10,2,250.0,PUT,0.47,0.45,0.48,14699,14615,0.2349,-0.0675,0.0293,-0.1434,0.0248,-0.001,1.0259,0.0,0.47,5b618f146305
2025-10-07,2025-10-07 18:37:15.364196,AAPL,256.48,2025-10-10,2,252.5,PUT,0.88,0.85,0.88,10138,7137,0.2214,-0.1642,0.0589,-0.2549,0.047,-0.0023,1.0158,0.0,0.88,f608eac52078
2025-10-07,2025-10-07 18:37:15.364455,AAPL,256.48,2025-10-10,2,255.0,PUT,1.58,1.54,1.63,22195,11465,0.2149,-0.3493,0.0907,-0.3663,0.0703,-0.005,1.0058,0.0,1.58,e52d2400da9d
2025-10-07,2025-10-07 18:37:15.364716,AAPL,256.48,2025-10-10,2,257.5,PUT,2.7,2.67,2.79,7529,4872,0.209,-0.5921,0.0979,-0.3662,0.0737,-0.0084,0.996,1.02,1.68,30bfd184261b
2025-10-07,2025-10-07 18:37:15.364982,AAPL,256.48,2025-10-10,2,260.0,PUT,4.34,4.25,4.4,668,2317,0.2048,-0.8092,0.0699,-0.2384,0.0516,-0.0116,0.9865,3.52,0.82,eb4cfe46f118
2025-10-07,2025-10-07 18:37:15.365241,AAPL,256.48,2025-10-10,2,262.5,PUT,6.8,6.25,6.5,509,1815,0.2183,-0.9211,0.0355,-0.1225,0.0279,-0.0133,0.9771,6.02,0.78,9f1c921ec4be
2025-10-07,2025-10-07 18:37:15.365506,AAPL,256.48,2025-10-10,2,265.0,PUT,8.5,8.55,8.8,297,1012,0.2363,-0.9675,0.0162,-0.0499,0.0138,-0.0141,0.9678,8.52,0.0,bea115b366a0
2025-10-07,2025-10-07 18:37:15.365768,AAPL,256.48,2025-10-10,2,267.5,PUT,11.13,10.9,11.2,64,84,0.2578,-0.9854,0.0075,-0.0127,0.007,-0.0145,0.9588,11.02,0.11,465022bd55e1
2025-10-07,2025-10-07 18:37:15.366034,AAPL,256.48,2025-10-10,2,270.0,PUT,13.6,13.0,13.75,8,215,0.3174,-0.9848,0.0064,-0.025,0.0073,-0.0146,0.9499,13.52,0.08,4cc52f45ae8d
2025-10-07,2025-10-07 18:37:15.366292,AAPL,256.48,2025-10-10,2,272.5,PUT,15.9,15.7,16.6,2,7,0.4492,-0.9639,0.0093,-0.1365,0.015,-0.0144,0.9412,16.02,0.0,98eac975c7e8
2025-10-07,2025-10-07 18:37:15.366551,AAPL,256.48,2025-10-10,2,275.0,PUT,18.55,18.0,18.75,17,27,0.4033,-0.9896,0.0036,-0.0192,0.0052,-0.0149,0.9327,18.52,0.03,6cbc11f15e0c
2025-10-07,2025-10-07 18:37:15.366814,AAPL,256.48,2025-10-10,2,280.0,PUT,23.16,23.1,23.95,1,2,0.5508,-0.9832,0.004,-0.0749,0.0079,-0.0151,0.916,23.52,0.0,c0fc193cd99c
2025-10-07,2025-10-07 18:37:15.367073,AAPL,256.48,2025-10-10,2,290.0,PUT,36.46,33.3,34.1,2,0,0.6094,-0.9965,0.0009,0.0051,0.002,-0.0158,0.8844,33.52,2.94,57b347e69bcf
2025-10-07,2025-10-07 18:37:15.367332,AAPL,256.48,2025-10-10,2,295.0,PUT,42.75,38.0,39.1,2,0,0.5352,-0.9998,0.0001,0.0342,0.0002,-0.0162,0.8694,38.52,4.23,5da81440a7ed
2025-10-07,2025-10-07 18:37:15.367599,AAPL,256.48,2025-10-10,2,300.0,PUT,43.0,43.3,43.75,5,5,0.5,-1.0,0.0,0.0368,0.0,-0.0164,0.8549,43.52,0.0,f3e7b8d50980
2025-10-07,2025-10-07 18:37:15.367859,AAPL,256.48,2025-10-10,2,310.0,PUT,55.7,53.1,54.1,3,0,0.7813,-0.9994,0.0001,0.0305,0.0004,-0.017,0.8274,53.52,2.18,c72167be98dc
2025-10-07,2025-10-07 18:37:15.368120,AAPL,256.48,2025-10-10,2,315.0,PUT,57.95,58.1,59.1,1,0,0.8379,-0.9995,0.0001,0.0315,0.0004,-0.0172,0.8142,58.52,0.0,9c92abb3c8c3
2025-10-07,2025-10-07 18:37:15.368384,AAPL,256.48,2025-10-10,2,320.0,PUT,63.05,63.3,64.1,6,0,0.9951,-0.9985,0.0003,0.0161,0.0009,-0.0175,0.8015,63.52,0.0,bba3f3f307f6
2025-10-07,2025-10-07 18:37:15.465477,AAPL,256.48,2025-10-17,9,90.0,CALL,165.75,166.25,166.85,2,23,2.2656,0.9991,0.0,-0.0264,0.0012,0.0221,2.8498,166.48,0.0,51a81ed06229
2025-10-07,2025-10-07 18:37:15.465865,AAPL,256.48,2025-10-17,9,95.0,CALL,160.4,161.3,162.0,0,2,2.3789,0.9978,0.0001,-0.0484,0.0028,0.0232,2.6998,161.48,0.0,cd11f59d4830
2025-10-07,2025-10-07 18:37:15.466226,AAPL,256.48,2025-10-17,9,100.0,CALL,146.12,155.8,157.05,5,20,2.6729,0.993,0.0002,-0.1288,0.0079,0.0241,2.5648,156.48,0.0,fdce4c6c410e
2025-10-07,2025-10-07 18:37:15.466771,AAPL,256.48,2025-10-17,9,105.0,CALL,110.26,122.4,124.25,2,14,0.0,1.0,0.0,-0.0129,0.0,0.0259,2.4427,151.48,0.0,1472ee1d37a9
2025-10-07,2025-10-07 18:37:15.467123,AAPL,256.48,2025-10-17,9,110.0,CALL,121.0,146.1,147.45,345,462,2.1992,0.9957,0.0001,-0.0756,0.0051,0.0268,2.3316,146.48,0.0,13a6f75db849
2025-10-07,2025-10-07 18:37:15.467473,AAPL,256.48,2025-10-17,9,115.0,CALL,112.7,129.8,132.05,1,99,0.0,1.0,0.0,-0.0142,0.0,0.0283,2.2303,141.48,0.0,0d1841f4d343
2025-10-07,2025-10-07 18:37:15.467795,AAPL,256.48,2025-10-17,9,120.0,CALL,91.56,107.8,109.05,1,67,0.0,1.0,0.0,-0.0148,0.0,0.0296,2.1373,136.48,0.0,faaf163f3252
2025-10-07,2025-10-07 18:37:15.468726,AAPL,256.48,2025-10-17,9,125.0,CALL,114.66,131.1,131.95,3,19,1.5156,0.9992,0.0,-0.025,0.0011,0.0307,2.0518,131.48,0.0,44037398b811
2025-10-07,2025-10-07 18:37:15.469108,AAPL,256.48,2025-10-17,9,130.0,CALL,124.4,126.3,127.05,10,164,1.7012,0.9963,0.0002,-0.0576,0.0044,0.0318,1.9729,126.48,0.0,3ec373055b00
2025-10-07,2025-10-07 18:37:15.469454,AAPL,256.48,2025-10-17,9,135.0,CALL,122.28,120.7,122.45,1,73,1.4766,0.9981,0.0001,-0.0369,0.0025,0.0331,1.8999,121.48,0.8,16cafacf157a
2025-10-07,2025-10-07 18:37:15.469784,AAPL,256.48,2025-10-17,9,140.0,CALL,117.6,116.35,117.55,1,82,1.7363,0.9909,0.0004,-0.1124,0.0099,0.0338,1.832,116.48,1.12,d7f64d77efd1
2025-10-07,2025-10-07 18:37:15.470119,AAPL,256.48,2025-10-17,9,145.0,CALL,111.29,111.15,112.55,3,178,1.5859,0.9922,0.0003,-0.0935,0.0086,0.0352,1.7688,111.48,0.0,cb2be17e4b3b
2025-10-07,2025-10-07 18:37:15.470437,AAPL,256.48,2025-10-17,9,150.0,CALL,108.65,106.45,107.1,3,718,1.4522,0.9933,0.0003,-0.0794,0.0076,0.0365,1.7099,106.48,2.17,07325b02ca65
2025-10-07,2025-10-07 18:37:15.470750,AAPL,256.48,2025-10-17,9,155.0,CALL,102.35,100.85,102.4,2,176,1.2461,0.9963,0.0002,-0.0498,0.0045,0.0379,1.6547,101.48,0.87,c40d5e1d8325
2025-10-07,2025-10-07 18:37:15.471066,AAPL,256.48,2025-10-17,9,160.0,CALL,97.5,95.8,97.55,1,299,1.2217,0.9948,0.0003,-0.0605,0.006,0.0391,1.603,96.48,1.02,f972f067f890
2025-10-07,2025-10-07 18:37:15.471382,AAPL,256.48,2025-10-17,9,165.0,CALL,91.25,91.25,92.6,2,234,1.3008,0.9883,0.0006,-0.1088,0.0123,0.0398,1.5544,91.48,0.0,d765faec2130
2025-10-07,2025-10-07 18:37:15.471698,AAPL,256.48,2025-10-17,9,170.0,CALL,87.4,86.2,87.6,17,650,1.2119,0.9882,0.0006,-0.1043,0.0124,0.0411,1.5087,86.48,0.92,59e51758c3f8
2025-10-07,2025-10-07 18:37:15.472023,AAPL,256.48,2025-10-17,9,175.0,CALL,82.38,81.35,82.5,2,1033,1.1484,0.9867,0.0007,-0.1091,0.0138,0.0422,1.4656,81.48,0.9,3a4cca297bd7
2025-10-07,2025-10-07 18:37:15.472340,AAPL,256.48,2025-10-17,9,180.0,CALL,76.73,76.5,77.4,6,1746,1.085,0.985,0.0009,-0.1136,0.0153,0.0433,1.4249,76.48,0.25,90b29b554430
2025-10-07,2025-10-07 18:37:15.472655,AAPL,256.48,2025-10-17,9,185.0,CALL,71.92,71.0,72.1,3,651,0.7695,0.9972,0.0003,-0.0374,0.0034,0.0454,1.3864,71.48,0.44,1c85a8480c76
2025-10-07,2025-10-07 18:37:15.472964,AAPL,256.48,2025-10-17,9,190.0,CALL,67.27,66.55,67.55,27,1396,0.9746,0.9795,0.0013,-0.1304,0.0199,0.0454,1.3499,66.48,0.79,4ad0d4980f59
2025-10-07,2025-10-07 18:37:15.473270,AAPL,256.48,2025-10-17,9,195.0,CALL,61.28,61.5,61.95,7,1881,0.7822,0.9893,0.0009,-0.0731,0.0114,0.0473,1.3153,61.48,0.0,6ebd1640aa86
2025-10-07,2025-10-07 18:37:15.473557,AAPL,256.48,2025-10-17,9,200.0,CALL,56.69,56.55,57.25,25,2960,0.7871,0.9814,0.0014,-0.1042,0.0183,0.048,1.2824,56.48,0.21,38804f77a00f
2025-10-07,2025-10-07 18:37:15.473844,AAPL,256.48,2025-10-17,9,205.0,CALL,51.23,51.6,52.0,10,7393,0.687,0.9839,0.0015,-0.0867,0.0162,0.0494,1.2511,51.48,0.0,fb98dcedb506
2025-10-07,2025-10-07 18:37:15.474139,AAPL,256.48,2025-10-17,9,210.0,CALL,46.5,46.6,47.4,12,20262,0.6831,0.9731,0.0023,-0.12,0.025,0.0499,1.2213,46.48,0.02,6985a1b5474c
2025-10-07,2025-10-07 18:37:15.474427,AAPL,256.48,2025-10-17,9,215.0,CALL,41.93,41.7,42.2,205,13089,0.604,0.9725,0.0026,-0.1111,0.0255,0.0512,1.1929,41.48,0.45,4b738164a1e3
2025-10-07,2025-10-07 18:37:15.474712,AAPL,256.48,2025-10-17,9,217.5,CALL,39.62,39.05,39.6,2,47,0.5381,0.9776,0.0025,-0.0902,0.0215,0.0521,1.1792,38.98,0.64,c7fb530539d5
2025-10-07,2025-10-07 18:37:15.475009,AAPL,256.48,2025-10-17,9,220.0,CALL,36.8,36.45,37.3,91,13428,0.5205,0.9733,0.0029,-0.0982,0.0249,0.0524,1.1658,36.48,0.32,4b4de81f12ca
2025-10-07,2025-10-07 18:37:15.475298,AAPL,256.48,2025-10-17,9,222.5,CALL,34.1,34.1,34.75,27,16,0.501,0.9686,0.0035,-0.1057,0.0285,0.0528,1.1527,33.98,0.12,f20edff543ba
2025-10-07,2025-10-07 18:37:15.475584,AAPL,256.48,2025-10-17,9,225.0,CALL,31.62,31.7,32.15,98,13643,0.5129,0.9535,0.0047,-0.1379,0.0392,0.0524,1.1399,31.48,0.14,9792b0108096
2025-10-07,2025-10-07 18:37:15.475876,AAPL,256.48,2025-10-17,9,227.5,CALL,29.23,28.6,29.9,5,134,0.5178,0.9369,0.0059,-0.1696,0.0499,0.0519,1.1274,28.98,0.25,a47864458e35
2025-10-07,2025-10-07 18:37:15.476163,AAPL,256.48,2025-10-17,9,230.0,CALL,27.0,26.8,27.15,312,20559,0.4446,0.9465,0.0061,-0.1349,0.0438,0.0532,1.1151,26.48,0.52,afa14a5f522d
2025-10-07,2025-10-07 18:37:15.476446,AAPL,256.48,2025-10-17,9,232.5,CALL,24.47,24.15,24.9,4,75,0.4458,0.9269,0.0077,-0.1647,0.0559,0.0525,1.1031,23.98,0.49,4861c8073c3c
2025-10-07,2025-10-07 18:37:15.476736,AAPL,256.48,2025-10-17,9,235.0,CALL,21.89,21.9,22.25,474,17533,0.3899,0.9302,0.0085,-0.1435,0.054,0.0533,1.0914,21.48,0.41,6c8185dcb485
2025-10-07,2025-10-07 18:37:15.477023,AAPL,256.48,2025-10-17,9,237.5,CALL,19.09,19.4,19.8,11,213,0.3608,0.92,0.0102,-0.1467,0.0599,0.0533,1.0799,18.98,0.11,b1aee4e65899
2025-10-07,2025-10-07 18:37:15.477317,AAPL,256.48,2025-10-17,9,240.0,CALL,17.15,17.1,17.3,510,27662,0.3247,0.9114,0.0123,-0.1433,0.0646,0.0534,1.0687,16.48,0.67,dcb8eaf5f93b
2025-10-07,2025-10-07 18:37:15.477606,AAPL,256.48,2025-10-17,9,242.5,CALL,14.55,14.65,14.95,93,343,0.3037,0.8892,0.0155,-0.1547,0.0761,0.0526,1.0576,13.98,0.57,9e2f0655d893
2025-10-07,2025-10-07 18:37:15.477893,AAPL,256.48,2025-10-17,9,245.0,CALL,12.53,12.45,12.6,1761,16841,0.2788,0.8628,0.0195,-0.1627,0.0884,0.0515,1.0469,11.48,1.05,f91ecac9fe3f
2025-10-07,2025-10-07 18:37:15.478177,AAPL,256.48,2025-10-17,9,247.5,CALL,10.4,10.25,10.45,99,2664,0.266,0.8161,0.0248,-0.1828,0.1071,0.0491,1.0363,8.98,1.42,64b5a5d2097d
2025-10-07,2025-10-07 18:37:15.478470,AAPL,256.48,2025-10-17,9,250.0,CALL,8.3,8.0,8.4,512,32340,0.2523,0.7561,0.0309,-0.2,0.1263,0.0458,1.0259,6.48,1.82,41f7ec833f91
2025-10-07,2025-10-07 18:37:15.478752,AAPL,256.48,2025-10-17,9,252.5,CALL,6.55,6.4,6.55,709,2437,0.2422,0.677,0.0368,-0.2152,0.1446,0.0412,1.0158,3.98,2.57,5f91c783fae3
2025-10-07,2025-10-07 18:37:15.479034,AAPL,256.48,2025-10-17,9,255.0,CALL,4.8,4.8,4.9,3512,21265,0.2324,0.5821,0.0417,-0.2209,0.1573,0.0357,1.0058,1.48,3.32,3b5abc0af5b7
2025-10-07,2025-10-07 18:37:15.479308,AAPL,256.48,2025-10-17,9,257.5,CALL,3.47,3.4,3.5,11402,11650,0.2241,0.4746,0.0441,-0.2143,0.1603,0.0292,0.996,0.0,3.47,9b8f745e98f7
2025-10-07,2025-10-07 18:37:15.479575,AAPL,256.48,2025-10-17,9,260.0,CALL,2.4,2.37,2.45,11490,31064,0.2217,0.3661,0.0421,-0.1979,0.1515,0.0226,0.9865,0.0,2.4,d75875e7c269
2025-10-07,2025-10-07 18:37:15.479837,AAPL,256.48,2025-10-17,9,262.5,CALL,1.58,1.57,1.66,7906,10981,0.2206,0.2675,0.037,-0.1707,0.1325,0.0166,0.9771,0.0,1.58,6c7391eab04e
2025-10-07,2025-10-07 18:37:15.480098,AAPL,256.48,2025-10-17,9,265.0,CALL,1.02,1.03,1.05,4233,18186,0.2173,0.1819,0.0302,-0.1341,0.1064,0.0113,0.9678,0.0,1.02,fcc3a9958741
2025-10-07,2025-10-07 18:37:15.480363,AAPL,256.48,2025-10-17,9,267.5,CALL,0.69,0.66,0.7,1048,3459,0.2216,0.1231,0.0228,-0.1048,0.082,0.0076,0.9588,0.0,0.69,4893d82598e1
2025-10-07,2025-10-07 18:37:15.480627,AAPL,256.48,2025-10-17,9,270.0,CALL,0.44,0.43,0.45,5659,21409,0.2246,0.0797,0.0164,-0.077,0.0597,0.005,0.9499,0.0,0.44,96a4df72b4ed
2025-10-07,2025-10-07 18:37:15.480889,AAPL,256.48,2025-10-17,9,272.5,CALL,0.29,0.28,0.3,251,1199,0.2305,0.052,0.0115,-0.0565,0.0429,0.0032,0.9412,0.0,0.29,83c6b75175a6
2025-10-07,2025-10-07 18:37:15.481154,AAPL,256.48,2025-10-17,9,275.0,CALL,0.2,0.19,0.2,1433,14380,0.2363,0.0336,0.0079,-0.0406,0.0301,0.0021,0.9327,0.0,0.2,7df601674717
2025-10-07,2025-10-07 18:37:15.481420,AAPL,256.48,2025-10-17,9,280.0,CALL,0.09,0.09,0.1,546,12204,0.2529,0.0153,0.0038,-0.0223,0.0155,0.001,0.916,0.0,0.09,4d8962ed54f4
2025-10-07,2025-10-07 18:37:15.481687,AAPL,256.48,2025-10-17,9,285.0,CALL,0.06,0.05,0.06,81,3505,0.2734,0.008,0.002,-0.0137,0.0088,0.0005,0.8999,0.0,0.06,7a867d642472
2025-10-07,2025-10-07 18:37:15.481949,AAPL,256.48,2025-10-17,9,290.0,CALL,0.04,0.02,0.04,2325,4178,0.2969,0.0048,0.0012,-0.0095,0.0056,0.0003,0.8844,0.0,0.04,79587e661095
2025-10-07,2025-10-07 18:37:15.482218,AAPL,256.48,2025-10-17,9,295.0,CALL,0.01,0.01,0.02,340,4266,0.3086,0.0023,0.0006,-0.0049,0.0028,0.0001,0.8694,0.0,0.01,6a313752f51a
2025-10-07,2025-10-07 18:37:15.482482,AAPL,256.48,2025-10-17,9,300.0,CALL,0.02,0.01,0.02,604,13287,0.3399,0.0019,0.0004,-0.0047,0.0025,0.0001,0.8549,0.0,0.02,59c62d040eaa
2025-10-07,2025-10-07 18:37:15.482748,AAPL,256.48,2025-10-17,9,305.0,CALL,0.02,0.0,0.02,3,640,0.3711,0.0017,0.0004,-0.0046,0.0022,0.0001,0.8409,0.0,0.02,b51026c38587
2025-10-07,2025-10-07 18:37:15.483017,AAPL,256.48,2025-10-17,9,310.0,CALL,0.01,0.0,0.01,19,1800,0.375,0.0008,0.0002,-0.0022,0.0011,0.0,0.8274,0.0,0.01,26cc31a1c80d
2025-10-07,2025-10-07 18:37:15.483279,AAPL,256.48,2025-10-17,9,315.0,CALL,0.01,0.0,0.01,4,628,0.4063,0.0008,0.0002,-0.0024,0.001,0.0,0.8142,0.0,0.01,365ab33c1263
2025-10-07,2025-10-07 18:37:15.483541,AAPL,256.48,2025-10-17,9,320.0,CALL,0.01,0.0,0.01,2,1573,0.4297,0.0006,0.0001,-0.0021,0.0009,0.0,0.8015,0.0,0.01,c69640354ffd
2025-10-07,2025-10-07 18:37:15.483806,AAPL,256.48,2025-10-17,9,325.0,CALL,0.01,0.0,0.01,3,642,0.4609,0.0006,0.0001,-0.0023,0.0009,0.0,0.7892,0.0,0.01,34919480bc57
2025-10-07,2025-10-07 18:37:15.484071,AAPL,256.48,2025-10-17,9,330.0,CALL,0.01,0.0,0.01,11,885,0.4844,0.0006,0.0001,-0.0021,0.0008,0.0,0.7772,0.0,0.01,9861cb722bb3
2025-10-07,2025-10-07 18:37:15.484333,AAPL,256.48,2025-10-17,9,335.0,CALL,0.01,0.0,0.01,20,82,0.5156,0.0006,0.0001,-0.0024,0.0008,0.0,0.7656,0.0,0.01,9c0017169c84
2025-10-07,2025-10-07 18:37:15.484604,AAPL,256.48,2025-10-17,9,340.0,CALL,0.01,0.0,0.01,35,153,0.5156,0.0003,0.0001,-0.0013,0.0005,0.0,0.7544,0.0,0.01,867e0e0535d2
2025-10-07,2025-10-07 18:37:15.484872,AAPL,256.48,2025-10-17,9,345.0,CALL,0.01,0.0,0.01,1,391,0.5313,0.0002,0.0,-0.001,0.0004,0.0,0.7434,0.0,0.01,a6dcd5549ed7
2025-10-07,2025-10-07 18:37:15.485136,AAPL,256.48,2025-10-17,9,350.0,CALL,0.01,0.0,0.0,150,450,0.25,0.0,0.0,-0.0,0.0,0.0,0.7328,0.0,0.01,e9d1aae104d3
2025-10-07,2025-10-07 18:37:15.485389,AAPL,256.48,2025-10-17,9,355.0,CALL,0.01,0.0,0.01,25,225,0.5781,0.0002,0.0,-0.001,0.0003,0.0,0.7225,0.0,0.01,93dce602dd02
2025-10-07,2025-10-07 18:37:15.485640,AAPL,256.48,2025-10-17,9,360.0,CALL,0.01,0.0,0.01,1,1497,0.5938,0.0002,0.0,-0.0009,0.0003,0.0,0.7124,0.0,0.01,ba3688c218a1
2025-10-07,2025-10-07 18:37:15.485887,AAPL,256.48,2025-10-17,9,370.0,CALL,0.01,0.0,0.01,16,2844,0.6406,0.0002,0.0,-0.0009,0.0003,0.0,0.6932,0.0,0.01,aac810e8f9e2
2025-10-07,2025-10-07 18:37:15.486313,AAPL,256.48,2025-10-17,9,90.0,PUT,0.01,0.0,0.01,6,955,1.8125,-0.0001,0.0,-0.0011,0.0001,-0.0,2.8498,0.0,0.01,0e578f8ebcd2
2025-10-07,2025-10-07 18:37:15.486577,AAPL,256.48,2025-10-17,9,95.0,PUT,0.01,0.0,0.01,1,1135,1.6875,-0.0001,0.0,-0.0008,0.0001,-0.0,2.6998,0.0,0.01,7f6f581b39b4
2025-10-07,2025-10-07 18:37:15.486835,AAPL,256.48,2025-10-17,9,100.0,PUT,0.01,0.0,0.01,3,860,1.625,-0.0001,0.0,-0.001,0.0001,-0.0,2.5648,0.0,0.01,5f4822044369
2025-10-07,2025-10-07 18:37:15.487086,AAPL,256.48,2025-10-17,9,105.0,PUT,0.02,0.0,0.01,1,292,1.5625,-0.0001,0.0,-0.0012,0.0001,-0.0,2.4427,0.0,0.02,a2553b788541
2025-10-07,2025-10-07 18:37:15.487338,AAPL,256.48,2025-10-17,9,110.0,PUT,0.01,0.0,0.01,5,615,1.4688,-0.0001,0.0,-0.001,0.0001,-0.0,2.3316,0.0,0.01,a4c7cf82ca6e
2025-10-07,2025-10-07 18:37:15.487591,AAPL,256.48,2025-10-17,9,115.0,PUT,0.01,0.0,0.01,20,595,1.375,-0.0001,0.0,-0.0008,0.0001,-0.0,2.2303,0.0,0.01,b0cd82c56dce
2025-10-07,2025-10-07 18:37:15.487840,AAPL,256.48,2025-10-17,9,120.0,PUT,0.01,0.0,0.01,1,5856,1.3125,-0.0001,0.0,-0.0009,0.0001,-0.0,2.1373,0.0,0.01,fc98981269a2
2025-10-07,2025-10-07 18:37:15.488091,AAPL,256.48,2025-10-17,9,125.0,PUT,0.01,0.0,0.01,40,1704,1.25,-0.0001,0.0,-0.0009,0.0001,-0.0,2.0518,0.0,0.01,e6fe2022dcd5
2025-10-07,2025-10-07 18:37:15.488344,AAPL,256.48,2025-10-17,9,130.0,PUT,0.01,0.0,0.01,77,1185,1.1875,-0.0001,0.0,-0.001,0.0001,-0.0,1.9729,0.0,0.01,1f0763d38d5a
2025-10-07,2025-10-07 18:37:15.488595,AAPL,256.48,2025-10-17,9,135.0,PUT,0.02,0.0,0.01,1,1456,1.125,-0.0001,0.0,-0.001,0.0002,-0.0,1.8999,0.0,0.02,c409132e7f17
2025-10-07,2025-10-07 18:37:15.488845,AAPL,256.48,2025-10-17,9,140.0,PUT,0.01,0.0,0.01,3,2452,1.0625,-0.0001,0.0,-0.0009,0.0002,-0.0,1.832,0.0,0.01,083dd2713fd0
2025-10-07,2025-10-07 18:37:15.489093,AAPL,256.48,2025-10-17,9,145.0,PUT,0.02,0.0,0.01,159,4240,1.0,-0.0001,0.0,-0.0009,0.0002,-0.0,1.7688,0.0,0.02,2ba559017f23
2025-10-07,2025-10-07 18:37:15.489348,AAPL,256.48,2025-10-17,9,150.0,PUT,0.01,0.0,0.01,35,11358,0.9375,-0.0001,0.0,-0.0008,0.0002,-0.0,1.7099,0.0,0.01,428618d30521
2025-10-07,2025-10-07 18:37:15.489598,AAPL,256.48,2025-10-17,9,155.0,PUT,0.02,0.0,0.01,105,3080,0.9063,-0.0001,0.0,-0.0012,0.0002,-0.0,1.6547,0.0,0.02,0601298ae158
2025-10-07,2025-10-07 18:37:15.489846,AAPL,256.48,2025-10-17,9,160.0,PUT,0.01,0.0,0.01,25,14170,0.8438,-0.0001,0.0,-0.001,0.0002,-0.0,1.603,0.0,0.01,8e69f3eeaec5
2025-10-07,2025-10-07 18:37:15.490099,AAPL,256.48,2025-10-17,9,165.0,PUT,0.01,0.0,0.01,20,6556,0.7813,-0.0001,0.0,-0.0008,0.0002,-0.0,1.5544,0.0,0.01,bf60d23133c3
2025-10-07,2025-10-07 18:37:15.490350,AAPL,256.48,2025-10-17,9,170.0,PUT,0.01,0.01,0.02,136,7268,0.8125,-0.0005,0.0001,-0.0032,0.0007,-0.0,1.5087,0.0,0.01,f631f8fa2d00
2025-10-07,2025-10-07 18:37:15.490603,AAPL,256.48,2025-10-17,9,175.0,PUT,0.02,0.01,0.02,50,5444,0.7578,-0.0005,0.0001,-0.0031,0.0007,-0.0,1.4656,0.0,0.02,c9f246656796
2025-10-07,2025-10-07 18:37:15.490849,AAPL,256.48,2025-10-17,9,180.0,PUT,0.01,0.01,0.02,47,12064,0.7031,-0.0005,0.0001,-0.003,0.0008,-0.0,1.4249,0.0,0.01,19914570adf9
2025-10-07,2025-10-07 18:37:15.491086,AAPL,256.48,2025-10-17,9,185.0,PUT,0.03,0.01,0.03,24,10097,0.6719,-0.0008,0.0001,-0.004,0.0011,-0.0001,1.3864,0.0,0.03,2ccb7a01fb62
2025-10-07,2025-10-07 18:37:15.491328,AAPL,256.48,2025-10-17,9,190.0,PUT,0.04,0.02,0.03,21,13993,0.6367,-0.0011,0.0001,-0.0052,0.0015,-0.0001,1.3499,0.0,0.04,4318dc07d0ec
2025-10-07,2025-10-07 18:37:15.491566,AAPL,256.48,2025-10-17,9,195.0,PUT,0.03,0.02,0.04,8,9823,0.5977,-0.0014,0.0002,-0.0063,0.0019,-0.0001,1.3153,0.0,0.03,a43e4524e7c6
2025-10-07,2025-10-07 18:37:15.491806,AAPL,256.48,2025-10-17,9,200.0,PUT,0.03,0.02,0.04,32,16775,0.5469,-0.0016,0.0002,-0.0062,0.0021,-0.0001,1.2824,0.0,0.03,f945d449d95c
2025-10-07,2025-10-07 18:37:15.492044,AAPL,256.48,2025-10-17,9,205.0,PUT,0.05,0.04,0.05,176,11693,0.5215,-0.0026,0.0004,-0.0094,0.0033,-0.0002,1.2511,0.0,0.05,b3560050e1ec
2025-10-07,2025-10-07 18:37:15.492283,AAPL,256.48,2025-10-17,9,210.0,PUT,0.05,0.05,0.06,50,28556,0.4883,-0.0039,0.0006,-0.0125,0.0047,-0.0003,1.2213,0.0,0.05,66dc144435b9
2025-10-07,2025-10-07 18:37:15.492525,AAPL,256.48,2025-10-17,9,215.0,PUT,0.07,0.05,0.07,92,17032,0.4453,-0.005,0.0008,-0.0143,0.0059,-0.0003,1.1929,0.0,0.07,ac4687b31724
2025-10-07,2025-10-07 18:37:15.492761,AAPL,256.48,2025-10-17,9,217.5,PUT,0.07,0.06,0.08,107,481,0.4277,-0.0061,0.001,-0.0164,0.007,-0.0004,1.1792,0.0,0.07,fc1693424feb
2025-10-07,2025-10-07 18:37:15.493002,AAPL,256.48,2025-10-17,9,220.0,PUT,0.07,0.07,0.08,475,20041,0.4014,-0.0065,0.0011,-0.0162,0.0074,-0.0004,1.1658,0.0,0.07,1380aef85a7e
2025-10-07,2025-10-07 18:37:15.493240,AAPL,256.48,2025-10-17,9,222.5,PUT,0.1,0.08,0.1,305,316,0.3877,-0.0086,0.0015,-0.0199,0.0094,-0.0006,1.1527,0.0,0.1,ea97006bd3ce
2025-10-07,2025-10-07 18:37:15.493478,AAPL,256.48,2025-10-17,9,225.0,PUT,0.1,0.09,0.11,391,11171,0.3662,-0.01,0.0018,-0.0216,0.0108,-0.0006,1.1399,0.0,0.1,56391346fb4b
2025-10-07,2025-10-07 18:37:15.493725,AAPL,256.48,2025-10-17,9,227.5,PUT,0.14,0.11,0.13,31,1337,0.3486,-0.0126,0.0023,-0.025,0.0131,-0.0008,1.1274,0.0,0.14,0ab3e7714c04
2025-10-07,2025-10-07 18:37:15.493962,AAPL,256.48,2025-10-17,9,230.0,PUT,0.15,0.14,0.15,1323,13164,0.3291,-0.0155,0.0029,-0.0283,0.0157,-0.001,1.1151,0.0,0.15,e7e4c84742cf
2025-10-07,2025-10-07 18:37:15.494202,AAPL,256.48,2025-10-17,9,232.5,PUT,0.19,0.17,0.19,159,1896,0.314,-0.0208,0.004,-0.0344,0.0201,-0.0013,1.1031,0.0,0.19,be519109d925
2025-10-07,2025-10-07 18:37:15.494443,AAPL,256.48,2025-10-17,9,235.0,PUT,0.24,0.21,0.23,1422,10451,0.2959,-0.0268,0.0052,-0.0402,0.025,-0.0017,1.0914,0.0,0.24,838fb753bb9d
2025-10-07,2025-10-07 18:37:15.494681,AAPL,256.48,2025-10-17,9,237.5,PUT,0.31,0.28,0.3,370,1348,0.2817,-0.0371,0.0071,-0.0499,0.0327,-0.0024,1.0799,0.0,0.31,796b40d422ac
2025-10-07,2025-10-07 18:37:15.494921,AAPL,256.48,2025-10-17,9,240.0,PUT,0.39,0.37,0.39,2023,13097,0.2666,-0.0512,0.0098,-0.061,0.0423,-0.0033,1.0687,0.0,0.39,d6382f984b9b
2025-10-07,2025-10-07 18:37:15.495158,AAPL,256.48,2025-10-17,9,242.5,PUT,0.53,0.51,0.55,1818,4414,0.2564,-0.0749,0.0137,-0.0787,0.057,-0.0048,1.0576,0.0,0.53,676207140a6d
2025-10-07,2025-10-07 18:37:15.495399,AAPL,256.48,2025-10-17,9,245.0,PUT,0.8,0.73,0.76,922,6439,0.2444,-0.1072,0.0188,-0.0975,0.0744,-0.0069,1.0469,0.0,0.8,ae9c8483dd92
2025-10-07,2025-10-07 18:37:15.495638,AAPL,256.48,2025-10-17,9,247.5,PUT,1.07,1.05,1.08,1035,5534,0.2347,-0.155,0.0252,-0.1201,0.096,-0.01,1.0363,0.0,1.07,9a572af3fae2
2025-10-07,2025-10-07 18:37:15.495877,AAPL,256.48,2025-10-17,9,250.0,PUT,1.52,1.49,1.59,9769,11597,0.2297,-0.2242,0.0323,-0.1466,0.1205,-0.0145,1.0259,0.0,1.52,ebf2ff1ee240
2025-10-07,2025-10-07 18:37:15.496116,AAPL,256.48,2025-10-17,9,252.5,PUT,2.15,2.12,2.21,1256,3807,0.2201,-0.3079,0.0397,-0.1633,0.1417,-0.0199,1.0158,0.0,2.15,167e734526d2
2025-10-07,2025-10-07 18:37:15.496356,AAPL,256.48,2025-10-17,9,255.0,PUT,3.0,2.94,3.05,3648,6466,0.2114,-0.4113,0.0457,-0.1707,0.1567,-0.0266,1.0058,0.0,3.0,4b5f304585b8
2025-10-07,2025-10-07 18:37:15.496592,AAPL,256.48,2025-10-17,9,257.5,PUT,4.2,4.1,4.2,975,3359,0.2061,-0.5288,0.0479,-0.1663,0.1603,-0.0344,0.996,1.02,3.18,170fb1224c79
2025-10-07,2025-10-07 18:37:15.496824,AAPL,256.48,2025-10-17,9,260.0,PUT,5.7,5.15,5.7,443,2546,0.2056,-0.645,0.045,-0.1502,0.1499,-0.0421,0.9865,3.52,2.18,c727fc13ea02
2025-10-07,2025-10-07 18:37:15.497055,AAPL,256.48,2025-10-17,9,262.5,PUT,7.45,7.15,7.4,63,213,0.2015,-0.7524,0.0389,-0.1179,0.1273,-0.0493,0.9771,6.02,1.43,68574bafe046
2025-10-07,2025-10-07 18:37:15.497282,AAPL,256.48,2025-10-17,9,265.0,PUT,9.2,9.2,9.4,1005,422,0.2033,-0.8348,0.0304,-0.0855,0.1001,-0.055,0.9678,8.52,0.68,4cb0954fe153
2025-10-07,2025-10-07 18:37:15.497506,AAPL,256.48,2025-10-17,9,267.5,PUT,11.8,11.25,11.6,10,127,0.2092,-0.8907,0.0222,-0.0581,0.0754,-0.0591,0.9588,11.02,0.78,9f9a9dce480f
2025-10-07,2025-10-07 18:37:15.497730,AAPL,256.48,2025-10-17,9,270.0,PUT,13.9,13.65,13.9,1016,180,0.2153,-0.9292,0.0156,-0.0343,0.0546,-0.0621,0.9499,13.52,0.38,9fc638450368
2025-10-07,2025-10-07 18:37:15.497956,AAPL,256.48,2025-10-17,9,272.5,PUT,17.04,15.9,16.45,49,2,0.251,-0.9318,0.013,-0.0424,0.053,-0.0629,0.9412,16.02,1.02,7031d61da3fc
2025-10-07,2025-10-07 18:37:15.498185,AAPL,256.48,2025-10-17,9,275.0,PUT,18.91,18.3,18.9,3,102,0.271,-0.9442,0.0103,-0.0361,0.0453,-0.0643,0.9327,18.52,0.39,c7982fcfe45d
2025-10-07,2025-10-07 18:37:15.498416,AAPL,256.48,2025-10-17,9,280.0,PUT,23.65,23.15,23.85,5,7,0.314,-0.9584,0.007,-0.0293,0.0358,-0.0664,0.916,23.52,0.13,e7a8facede19
2025-10-07,2025-10-07 18:37:15.498641,AAPL,256.48,2025-10-17,9,285.0,PUT,27.05,28.05,28.9,6,0,0.3731,-0.9601,0.0057,-0.0379,0.0346,-0.0677,0.8999,28.52,0.0,610d83505f4b
2025-10-07,2025-10-07 18:37:15.498872,AAPL,256.48,2025-10-17,9,290.0,PUT,31.75,33.3,33.9,3,3,0.4209,-0.9647,0.0046,-0.0386,0.0313,-0.0693,0.8844,33.52,0.0,f5e308c82739
2025-10-07,2025-10-07 18:37:15.499100,AAPL,256.48,2025-10-17,9,295.0,PUT,68.15,38.1,38.8,2,0,0.4414,-0.9755,0.0032,-0.0212,0.0232,-0.0711,0.8694,38.52,29.63,7eaacfe95156
2025-10-07,2025-10-07 18:37:15.499326,AAPL,256.48,2025-10-17,9,300.0,PUT,44.1,43.0,43.9,3,0,0.5107,-0.9713,0.0032,-0.0389,0.0264,-0.0721,0.8549,43.52,0.58,f4c5258101f8
2025-10-07,2025-10-07 18:37:15.499556,AAPL,256.48,2025-10-17,9,305.0,PUT,48.05,48.3,48.85,2,0,0.54,-0.9766,0.0025,-0.03,0.0223,-0.0737,0.8409,48.52,0.0,d220c8257cc3
2025-10-07,2025-10-07 18:37:15.499790,AAPL,256.48,2025-10-17,9,315.0,PUT,69.7,58.05,59.15,1,0,0.5059,-0.9944,0.0008,0.0204,0.0065,-0.0772,0.8142,58.52,11.18,0942341fe75c
2025-10-07,2025-10-07 18:37:15.500017,AAPL,256.48,2025-10-17,9,320.0,PUT,65.4,62.95,63.85,1,0,0.6592,-0.981,0.0017,-0.0295,0.0187,-0.0777,0.8015,63.52,1.88,07924a4d8b43
2025-10-07,2025-10-07 18:37:15.500246,AAPL,256.48,2025-10-17,9,330.0,PUT,98.75,95.7,96.25,0,0,2.5454,-0.6657,0.0036,-2.0409,0.1466,-0.0647,0.7772,73.52,25.23,dc103ac11be6
2025-10-07,2025-10-07 18:37:15.500474,AAPL,256.48,2025-10-17,9,335.0,PUT,89.55,78.05,79.05,5,0,0.5703,-0.9983,0.0002,0.0341,0.0022,-0.0824,0.7656,78.52,11.03,df8bf88ae77d
2025-10-07,2025-10-07 18:37:15.500702,AAPL,256.48,2025-10-17,9,355.0,PUT,157.02,0.0,0.0,0,0,0.0,-1.0,0.0,0.0437,0.0,-0.0874,0.7225,98.52,58.5,4a3300887ba7
2025-10-07,2025-10-07 18:37:15.500933,AAPL,256.48,2025-10-17,9,360.0,PUT,162.01,0.0,0.0,0,0,0.0,-1.0,0.0,0.0443,0.0,-0.0887,0.7124,103.52,58.49,5e28a1f7030e
2025-10-07,2025-10-07 18:37:15.501162,AAPL,256.48,2025-10-17,9,370.0,PUT,159.95,141.9,142.5,0,0,3.384,-0.6634,0.0027,-2.7257,0.147,-0.0756,0.6932,113.52,46.43,a767ccf8c957
2025-10-07,2025-10-07 18:37:15.856111,AAPL,256.48,2025-10-24,16,110.0,CALL,143.35,146.2,147.4,1,3,1.7393,0.994,0.0002,-0.0629,0.0091,0.0474,2.3316,146.48,0.0,7eef6a1c85c8
2025-10-07,2025-10-07 18:37:15.856729,AAPL,256.48,2025-10-24,16,120.0,CALL,133.19,136.2,137.2,0,1,1.4961,0.9952,0.0002,-0.0498,0.0075,0.0519,2.1373,136.48,0.0,cab0f984ef99
2025-10-07,2025-10-07 18:37:15.857278,AAPL,256.48,2025-10-24,16,125.0,CALL,133.49,131.25,132.35,3,3,1.4961,0.993,0.0002,-0.064,0.0105,0.0538,2.0518,131.48,2.01,560b6b82aefe
2025-10-07,2025-10-07 18:37:15.857817,AAPL,256.48,2025-10-24,16,140.0,CALL,116.1,116.25,117.55,1,1,1.334,0.9897,0.0004,-0.0782,0.0147,0.06,1.832,116.48,0.0,8e168f1810b9
2025-10-07,2025-10-07 18:37:15.858564,AAPL,256.48,2025-10-24,16,160.0,CALL,94.18,96.25,97.35,0,1,1.0244,0.9897,0.0005,-0.0662,0.0146,0.0688,1.603,96.48,0.0,c26a1f4c9733
2025-10-07,2025-10-07 18:37:15.859143,AAPL,256.48,2025-10-24,16,165.0,CALL,90.95,91.5,92.5,1,2,1.0435,0.9837,0.0007,-0.0909,0.0218,0.0702,1.5544,91.48,0.0,8d52b2e583ee
2025-10-07,2025-10-07 18:37:15.860266,AAPL,256.48,2025-10-24,16,170.0,CALL,76.03,86.35,87.55,6,6,0.9653,0.984,0.0008,-0.0851,0.0214,0.0724,1.5087,86.48,0.0,730123e96ddc
2025-10-07,2025-10-07 18:37:15.860835,AAPL,256.48,2025-10-24,16,175.0,CALL,83.45,81.1,82.75,1,1,0.8975,0.9838,0.0008,-0.082,0.0218,0.0746,1.4656,81.48,1.97,0c9ff3b8fef2
2025-10-07,2025-10-07 18:37:15.861447,AAPL,256.48,2025-10-24,16,180.0,CALL,78.35,76.2,77.65,1,12,0.8403,0.9826,0.001,-0.0821,0.023,0.0767,1.4249,76.48,1.87,872fab6ddc1d
2025-10-07,2025-10-07 18:37:15.862017,AAPL,256.48,2025-10-24,16,185.0,CALL,69.8,71.2,72.3,1,2,0.7227,0.9877,0.0008,-0.061,0.0171,0.0795,1.3864,71.48,0.0,98a6d64adc8b
2025-10-07,2025-10-07 18:37:15.862512,AAPL,256.48,2025-10-24,16,190.0,CALL,67.62,66.6,67.35,1,17,0.7427,0.9783,0.0013,-0.0873,0.0279,0.0805,1.3499,66.48,1.14,f7b3a3297c10
2025-10-07,2025-10-07 18:37:15.863021,AAPL,256.48,2025-10-24,16,195.0,CALL,63.2,61.25,62.45,1,9,0.6533,0.9815,0.0013,-0.073,0.0243,0.0831,1.3153,61.48,1.72,0734b2cb4d88
2025-10-07,2025-10-07 18:37:15.863507,AAPL,256.48,2025-10-24,16,200.0,CALL,57.17,56.65,57.45,1,76,0.6514,0.9717,0.0019,-0.0945,0.0348,0.0841,1.2824,56.48,0.69,19cb52d585f9
2025-10-07,2025-10-07 18:37:15.863984,AAPL,256.48,2025-10-24,16,205.0,CALL,52.8,51.35,52.9,5,22,0.6118,0.9663,0.0023,-0.1011,0.0403,0.0857,1.2511,51.48,1.32,c2c79a4bb2aa
2025-10-07,2025-10-07 18:37:15.864472,AAPL,256.48,2025-10-24,16,210.0,CALL,46.6,46.3,47.9,2,45,0.553,0.9642,0.0026,-0.0977,0.0423,0.0877,1.2213,46.48,0.12,ef2721139dcd
2025-10-07,2025-10-07 18:37:15.864959,AAPL,256.48,2025-10-24,16,215.0,CALL,41.45,41.15,42.75,32,122,0.5903,0.9338,0.0041,-0.1516,0.069,0.0862,1.1929,41.48,0.0,cf441275e767
2025-10-07,2025-10-07 18:37:15.865638,AAPL,256.48,2025-10-24,16,220.0,CALL,37.18,36.85,37.75,1,574,0.5308,0.927,0.0049,-0.1481,0.0744,0.0876,1.1658,36.48,0.7,361b0e374e10
2025-10-07,2025-10-07 18:37:15.866177,AAPL,256.48,2025-10-24,16,225.0,CALL,32.15,31.35,33.0,10,527,0.4961,0.9085,0.0062,-0.1615,0.0883,0.0876,1.1399,31.48,0.67,f3a8c278f3ed
2025-10-07,2025-10-07 18:37:15.866860,AAPL,256.48,2025-10-24,16,230.0,CALL,27.44,27.1,27.45,8,1418,0.3821,0.9232,0.007,-0.1182,0.0774,0.0917,1.1151,26.48,0.96,244260f6ad38
2025-10-07,2025-10-07 18:37:15.867607,AAPL,256.48,2025-10-24,16,235.0,CALL,22.43,22.3,22.7,25,1879,0.3478,0.897,0.0096,-0.1302,0.0963,0.0908,1.0914,21.48,0.95,c912af5a2903
2025-10-07,2025-10-07 18:37:15.868219,AAPL,256.48,2025-10-24,16,240.0,CALL,17.9,17.7,17.9,33,2579,0.3025,0.8668,0.0132,-0.1344,0.1155,0.0895,1.0687,16.48,1.42,fe37fce7e397
2025-10-07,2025-10-07 18:37:15.868792,AAPL,256.48,2025-10-24,16,245.0,CALL,13.35,13.25,13.5,170,2806,0.2756,0.8041,0.0187,-0.1516,0.1484,0.0844,1.0469,11.48,1.87,41e3b7289c29
2025-10-07,2025-10-07 18:37:15.869363,AAPL,256.48,2025-10-24,16,250.0,CALL,9.4,9.3,9.45,140,8364,0.2507,0.7093,0.0255,-0.1655,0.184,0.0756,1.0259,6.48,2.92,1ee5a059f4c3
2025-10-07,2025-10-07 18:37:15.869916,AAPL,256.48,2025-10-24,16,255.0,CALL,6.0,5.95,6.1,757,5347,0.2351,0.5723,0.0311,-0.1722,0.2107,0.0617,1.0058,1.48,4.52,5fa75cc92cd5
2025-10-07,2025-10-07 18:37:15.870455,AAPL,256.48,2025-10-24,16,260.0,CALL,3.46,3.45,3.55,3748,17220,0.2238,0.4108,0.0324,-0.1586,0.2089,0.0447,0.9865,0.0,3.46,7813c2457095
2025-10-07,2025-10-07 18:37:15.870927,AAPL,256.48,2025-10-24,16,265.0,CALL,1.84,1.84,1.92,3716,6093,0.2201,0.26,0.0274,-0.1278,0.1742,0.0284,0.9678,0.0,1.84,019b7f322d53
2025-10-07,2025-10-07 18:37:15.871398,AAPL,256.48,2025-10-24,16,270.0,CALL,0.93,0.92,0.95,1401,9943,0.2185,0.1453,0.0194,-0.0882,0.1226,0.016,0.9499,0.0,0.93,3169d5e6ae6a
2025-10-07,2025-10-07 18:37:15.871865,AAPL,256.48,2025-10-24,16,275.0,CALL,0.47,0.46,0.48,1003,5936,0.2236,0.0773,0.0121,-0.0568,0.0778,0.0085,0.9327,0.0,0.47,a4195a9c85f8
2025-10-07,2025-10-07 18:37:15.872325,AAPL,256.48,2025-10-24,16,280.0,CALL,0.26,0.24,0.26,1473,2545,0.2337,0.0419,0.0071,-0.0364,0.0481,0.0046,0.916,0.0,0.26,034600a76222
2025-10-07,2025-10-07 18:37:15.872793,AAPL,256.48,2025-10-24,16,285.0,CALL,0.13,0.13,0.14,124,5397,0.2432,0.0224,0.0041,-0.0224,0.0286,0.0025,0.8999,0.0,0.13,a7f07b0283fc
2025-10-07,2025-10-07 18:37:15.873257,AAPL,256.48,2025-10-24,16,290.0,CALL,0.08,0.07,0.09,186,4486,0.2578,0.0135,0.0025,-0.0154,0.0186,0.0015,0.8844,0.0,0.08,0e4fa1888986
2025-10-07,2025-10-07 18:37:15.873725,AAPL,256.48,2025-10-24,16,295.0,CALL,0.06,0.04,0.06,50,399,0.2734,0.0086,0.0016,-0.011,0.0126,0.001,0.8694,0.0,0.06,1715d2221a8d
2025-10-07,2025-10-07 18:37:15.874187,AAPL,256.48,2025-10-24,16,300.0,CALL,0.04,0.03,0.1,227,1683,0.3223,0.0119,0.0018,-0.0172,0.0167,0.0013,0.8549,0.0,0.04,333d28682750
2025-10-07,2025-10-07 18:37:15.874658,AAPL,256.48,2025-10-24,16,305.0,CALL,0.02,0.02,0.03,1,113,0.3027,0.0038,0.0007,-0.0058,0.0061,0.0004,0.8409,0.0,0.02,790b157f477a
2025-10-07,2025-10-07 18:37:15.875122,AAPL,256.48,2025-10-24,16,310.0,CALL,0.02,0.01,0.02,18,130,0.3145,0.0024,0.0004,-0.0041,0.0041,0.0003,0.8274,0.0,0.02,abd759ac466e
2025-10-07,2025-10-07 18:37:15.875586,AAPL,256.48,2025-10-24,16,315.0,CALL,0.02,0.0,0.02,1,111,0.3379,0.0022,0.0004,-0.0041,0.0038,0.0002,0.8142,0.0,0.02,d76b5fd15c91
2025-10-07,2025-10-07 18:37:15.876042,AAPL,256.48,2025-10-24,16,320.0,CALL,0.01,0.0,0.02,22,95,0.3594,0.002,0.0003,-0.0039,0.0034,0.0002,0.8015,0.0,0.01,a2ab28fd8105
2025-10-07,2025-10-07 18:37:15.876480,AAPL,256.48,2025-10-24,16,325.0,CALL,0.01,0.0,0.01,1,98,0.3594,0.001,0.0002,-0.0021,0.0018,0.0001,0.7892,0.0,0.01,c599b9eb2c68
2025-10-07,2025-10-07 18:37:15.877052,AAPL,256.48,2025-10-24,16,110.0,PUT,0.01,0.0,0.21,3,53,1.5117,-0.0023,0.0001,-0.0179,0.0038,-0.0003,2.3316,0.0,0.01,3173f95748ab
2025-10-07,2025-10-07 18:37:15.877444,AAPL,256.48,2025-10-24,16,130.0,PUT,0.01,0.0,0.01,50,53,0.9375,-0.0002,0.0,-0.0011,0.0004,-0.0,1.9729,0.0,0.01,97ea67bc0d3c
2025-10-07,2025-10-07 18:37:15.877844,AAPL,256.48,2025-10-24,16,135.0,PUT,0.02,0.0,0.06,100,103,1.0234,-0.0009,0.0001,-0.0054,0.0017,-0.0001,1.8999,0.0,0.02,1a221a66ea2c
2025-10-07,2025-10-07 18:37:15.878160,AAPL,256.48,2025-10-24,16,140.0,PUT,0.01,0.0,0.23,201,226,1.1211,-0.0034,0.0002,-0.0192,0.0055,-0.0004,1.832,0.0,0.01,f2dd10243c85
2025-10-07,2025-10-07 18:37:15.878524,AAPL,256.48,2025-10-24,16,145.0,PUT,0.02,0.0,0.06,1,46,0.918,-0.0011,0.0001,-0.0054,0.0019,-0.0001,1.7688,0.0,0.02,21f33c193d8f
2025-10-07,2025-10-07 18:37:15.878916,AAPL,256.48,2025-10-24,16,150.0,PUT,0.01,0.0,0.02,75,73,0.7813,-0.0004,0.0,-0.0018,0.0007,-0.0,1.7099,0.0,0.01,92e6ce989632
2025-10-07,2025-10-07 18:37:15.879310,AAPL,256.48,2025-10-24,16,155.0,PUT,0.05,0.0,0.08,3,6,0.8398,-0.0015,0.0001,-0.0069,0.0027,-0.0002,1.6547,0.0,0.05,54c6806bedf0
2025-10-07,2025-10-07 18:37:15.879665,AAPL,256.48,2025-10-24,16,160.0,PUT,0.02,0.0,0.03,6,27,0.7188,-0.0006,0.0001,-0.0026,0.0012,-0.0001,1.603,0.0,0.02,6e91939b6b23
2025-10-07,2025-10-07 18:37:15.879964,AAPL,256.48,2025-10-24,16,165.0,PUT,0.02,0.0,0.02,25,19,0.6563,-0.0005,0.0,-0.0019,0.0009,-0.0001,1.5544,0.0,0.02,4f141002f091
2025-10-07,2025-10-07 18:37:15.880309,AAPL,256.48,2025-10-24,16,170.0,PUT,0.03,0.0,0.03,9,214,0.6328,-0.0007,0.0001,-0.0026,0.0013,-0.0001,1.5087,0.0,0.03,faab7522d35c
2025-10-07,2025-10-07 18:37:15.880668,AAPL,256.48,2025-10-24,16,175.0,PUT,0.02,0.01,0.1,7,77,0.6758,-0.0027,0.0002,-0.0092,0.0044,-0.0003,1.4656,0.0,0.02,23099a97bbee
2025-10-07,2025-10-07 18:37:15.880964,AAPL,256.48,2025-10-24,16,180.0,PUT,0.05,0.01,0.03,1,34,0.5703,-0.0012,0.0001,-0.0037,0.0021,-0.0001,1.4249,0.0,0.05,be3fa1f57707
2025-10-07,2025-10-07 18:37:15.881285,AAPL,256.48,2025-10-24,16,185.0,PUT,0.04,0.02,0.04,1,556,0.5508,-0.0018,0.0002,-0.0053,0.0031,-0.0002,1.3864,0.0,0.04,8550fecacd53
2025-10-07,2025-10-07 18:37:15.881591,AAPL,256.48,2025-10-24,16,190.0,PUT,0.06,0.02,0.05,1,64,0.5156,-0.0022,0.0002,-0.0059,0.0037,-0.0003,1.3499,0.0,0.06,53086fbe9307
2025-10-07,2025-10-07 18:37:15.881888,AAPL,256.48,2025-10-24,16,195.0,PUT,0.05,0.03,0.05,2,175,0.4941,-0.0033,0.0004,-0.0081,0.0053,-0.0004,1.3153,0.0,0.05,9f32268803b5
2025-10-07,2025-10-07 18:37:15.882197,AAPL,256.48,2025-10-24,16,200.0,PUT,0.07,0.05,0.06,31,2581,0.4629,-0.0042,0.0005,-0.0095,0.0067,-0.0005,1.2824,0.0,0.07,c3bde6453c53
2025-10-07,2025-10-07 18:37:15.882533,AAPL,256.48,2025-10-24,16,205.0,PUT,0.08,0.07,0.08,25,2440,0.4375,-0.006,0.0007,-0.0123,0.0091,-0.0007,1.2511,0.0,0.08,20ca5037f555
2025-10-07,2025-10-07 18:37:15.882864,AAPL,256.48,2025-10-24,16,210.0,PUT,0.08,0.08,0.09,39,860,0.4023,-0.0074,0.0009,-0.0135,0.0109,-0.0009,1.2213,0.0,0.08,a1bb20002194
2025-10-07,2025-10-07 18:37:15.883198,AAPL,256.48,2025-10-24,16,215.0,PUT,0.12,0.1,0.12,21,584,0.375,-0.0104,0.0014,-0.017,0.0148,-0.0012,1.1929,0.0,0.12,5ce8e9a725be
2025-10-07,2025-10-07 18:37:15.883534,AAPL,256.48,2025-10-24,16,220.0,PUT,0.15,0.14,0.16,147,3503,0.3472,-0.0148,0.002,-0.0214,0.0202,-0.0017,1.1658,0.0,0.15,c0029aeeb61d
2025-10-07,2025-10-07 18:37:15.883868,AAPL,256.48,2025-10-24,16,225.0,PUT,0.23,0.2,0.22,106,1020,0.3203,-0.0219,0.003,-0.0274,0.0281,-0.0025,1.1399,0.0,0.23,22665cbdf4fe
2025-10-07,2025-10-07 18:37:15.884208,AAPL,256.48,2025-10-24,16,230.0,PUT,0.33,0.31,0.32,124,2675,0.2954,-0.034,0.0048,-0.0363,0.0405,-0.0039,1.1151,0.0,0.33,919c50f613d3
2025-10-07,2025-10-07 18:37:15.884547,AAPL,256.48,2025-10-24,16,235.0,PUT,0.51,0.47,0.49,317,2768,0.2722,-0.0551,0.0076,-0.0491,0.0598,-0.0063,1.0914,0.0,0.51,43374ce9e89b
2025-10-07,2025-10-07 18:37:15.884884,AAPL,256.48,2025-10-24,16,240.0,PUT,0.77,0.76,0.8,264,2093,0.252,-0.093,0.0123,-0.0673,0.0893,-0.0107,1.0687,0.0,0.77,bc3cefb7d87a
2025-10-07,2025-10-07 18:37:15.885228,AAPL,256.48,2025-10-24,16,245.0,PUT,1.35,1.32,1.36,1151,4597,0.2344,-0.1592,0.0193,-0.0902,0.1302,-0.0184,1.0469,0.0,1.35,715360bbc2cf
2025-10-07,2025-10-07 18:37:15.885575,AAPL,256.48,2025-10-24,16,250.0,PUT,2.4,2.32,2.41,444,1706,0.2227,-0.2695,0.0276,-0.1147,0.1774,-0.0312,1.0259,0.0,2.4,bced12e63578
2025-10-07,2025-10-07 18:37:15.885914,AAPL,256.48,2025-10-24,16,255.0,PUT,4.0,3.95,4.05,711,2719,0.2098,-0.4213,0.0347,-0.124,0.21,-0.0489,1.0058,0.0,4.0,5c6df98ca666
2025-10-07,2025-10-07 18:37:15.886255,AAPL,256.48,2025-10-24,16,260.0,PUT,6.6,6.4,6.55,53,731,0.2001,-0.6015,0.0359,-0.1098,0.2073,-0.0703,0.9865,3.52,3.08,b6984bf8cbd4
2025-10-07,2025-10-07 18:37:15.886595,AAPL,256.48,2025-10-24,16,265.0,PUT,10.0,9.8,10.0,24,84,0.1957,-0.767,0.0291,-0.075,0.1642,-0.0904,0.9678,8.52,1.48,ec6e5fafb5d9
2025-10-07,2025-10-07 18:37:15.886931,AAPL,256.48,2025-10-24,16,270.0,PUT,14.18,13.95,14.2,76,234,0.197,-0.8804,0.0189,-0.0365,0.1072,-0.1049,0.9499,13.52,0.66,0ff6829375cb
2025-10-07,2025-10-07 18:37:15.887270,AAPL,256.48,2025-10-24,16,275.0,PUT,18.95,18.5,18.95,2,104,0.218,-0.928,0.0117,-0.0186,0.0736,-0.1124,0.9327,18.52,0.43,2e28c6f0a3eb
2025-10-07,2025-10-07 18:37:15.887611,AAPL,256.48,2025-10-24,16,280.0,PUT,22.84,23.1,23.9,1,30,0.2529,-0.9444,0.0083,-0.0149,0.0602,-0.1164,0.916,23.52,0.0,a3dda84ab89d
2025-10-07,2025-10-07 18:37:15.887946,AAPL,256.48,2025-10-24,16,285.0,PUT,28.77,28.2,28.9,1,0,0.2918,-0.9519,0.0064,-0.0154,0.0537,-0.1194,0.8999,28.52,0.25,37018d675e4b
2025-10-07,2025-10-07 18:37:15.888269,AAPL,256.48,2025-10-24,16,290.0,PUT,51.75,33.05,33.9,0,0,0.3291,-0.9572,0.0051,-0.0159,0.0488,-0.1222,0.8844,33.52,18.23,9049c3cfdadd
2025-10-07,2025-10-07 18:37:15.888575,AAPL,256.48,2025-10-24,16,295.0,PUT,38.47,38.1,39.2,1,0,0.4109,-0.9407,0.0054,-0.0469,0.0634,-0.1226,0.8694,38.52,0.0,44a68d5b0b5d
2025-10-07,2025-10-07 18:37:15.888881,AAPL,256.48,2025-10-24,16,300.0,PUT,44.2,43.05,43.95,0,0,0.4087,-0.9613,0.0038,-0.0218,0.0451,-0.127,0.8549,43.52,0.68,562da2a0d9c2
2025-10-07,2025-10-07 18:37:15.889181,AAPL,256.48,2025-10-24,16,325.0,PUT,97.87,68.05,68.9,0,0,0.5576,-0.9746,0.002,-0.0162,0.0318,-0.1394,0.7892,68.52,29.35,ffb986d54ca9
