timestamp,ticker,underlying_price,expiration_date,days_to_expiration,strike_price,option_type,last_price,bid,ask,volume,open_interest,implied_volatility,delta,gamma,theta,vega,rho,moneyness,intrinsic_value,time_value
2025-10-01 14:52:59.014700,AAPL,175.5,2025-10-11,10,165.0,CALL,11.900246889136449,11.411705777646347,10.917208254322833,161,1119,0.22837015103798008,0.705,0.0239,-0.85,0.2712,0.0104,1.0636,10.5,0.2595587085970097
2025-10-01 14:52:59.015214,AAPL,175.5,2025-10-11,10,165.0,PUT,0.1,0.05,0.15,7,225,0.29639579859096077,-0.295,0.015,-0.85,0.243,-0.0432,1.0636,0.0,0.7260963848295885
2025-10-01 14:52:59.015228,AAPL,175.5,2025-10-11,10,167.5,CALL,9.236649471475383,8.783048023166842,8.386673956212784,53,576,0.20447136330237092,0.68,0.0237,-0.85,0.1477,0.0139,1.0478,8.0,1.7301200947467967
2025-10-01 14:52:59.015241,AAPL,175.5,2025-10-11,10,167.5,PUT,0.1,0.05,0.15,11,79,0.28073695734725934,-0.32,0.056,-0.3554,0.2916,-0.0324,1.0478,0.0,0.1
2025-10-01 14:52:59.015254,AAPL,175.5,2025-10-11,10,170.0,CALL,5.55835814130284,7.017917227566868,6.147660977165108,71,279,0.23653534826586844,0.655,0.0251,-0.4908,0.1297,0.0517,1.0324,5.5,1.1490546699557653
2025-10-01 14:52:59.015266,AAPL,175.5,2025-10-11,10,170.0,PUT,0.1,0.05,0.15,9,299,0.2706187668288821,-0.345,0.0432,-0.3257,0.2846,-0.0411,1.0324,0.0,1.5540726889404461
2025-10-01 14:52:59.015277,AAPL,175.5,2025-10-11,10,172.5,CALL,4.439584631585332,4.235657622092993,4.825517794955649,73,1446,0.3157371643555002,0.63,0.0337,-0.4441,0.2116,0.0366,1.0174,3.0,1.3260433453985605
2025-10-01 14:52:59.015286,AAPL,175.5,2025-10-11,10,172.5,PUT,0.1,0.05,0.15,13,468,0.32565852572048765,-0.37,0.0565,-0.4407,0.1852,-0.027,1.0174,0.0,0.165016988389443
2025-10-01 14:52:59.015296,AAPL,175.5,2025-10-11,10,175.0,CALL,1.9421182983644953,1.8477199505215043,1.2630585294100531,54,4,0.3004820018549076,0.605,0.0326,-0.3256,0.252,0.045,1.0029,0.5,0.14919799658065025
2025-10-01 14:52:59.015305,AAPL,175.5,2025-10-11,10,175.0,PUT,1.2505722508473307,1.2609784089737504,0.34819846491324324,44,150,0.24445940311769573,-0.395,0.0353,-0.3632,0.2439,-0.0357,1.0029,0.0,1.415246287624979
2025-10-01 14:52:59.015315,AAPL,175.5,2025-10-11,10,177.5,CALL,0.1,0.05,0.15,35,831,0.31607992964697407,0.92,0.0127,-0.2731,0.1511,0.0443,0.9887,0.0,0.3927763587892845
2025-10-01 14:52:59.015324,AAPL,175.5,2025-10-11,10,177.5,PUT,3.8079854331166607,2.6774997581410322,3.0871486286965024,71,820,0.2730686622681934,0.92,0.0115,-0.2589,0.1843,-0.0597,0.9887,2.0,0.3981585887077217
2025-10-01 14:52:59.015334,AAPL,175.5,2025-10-11,10,180.0,CALL,0.1,0.05,0.15,89,151,0.315143427234327,0.92,0.0324,-0.3974,0.18,0.0192,0.975,0.0,0.7663289917181846
2025-10-01 14:52:59.015343,AAPL,175.5,2025-10-11,10,180.0,PUT,5.36626106262697,6.034940257456973,4.915189897885581,26,71,0.3044470546960592,-0.645,0.0392,-0.2472,0.174,-0.029,0.975,4.5,0.8787905202153841
2025-10-01 14:52:59.015352,AAPL,175.5,2025-10-11,10,182.5,CALL,0.1,0.05,0.15,83,1872,0.24149844186479688,0.33,0.0265,-0.2903,0.1715,0.0432,0.9616,0.0,1.8410543594015443
2025-10-01 14:52:59.015361,AAPL,175.5,2025-10-11,10,182.5,PUT,7.910820598049683,7.899443116107526,7.4759963713056425,28,175,0.3067985227163685,-0.67,0.0492,-0.2674,0.2885,-0.0173,0.9616,7.0,1.2209004783841277
2025-10-01 14:52:59.015370,AAPL,175.5,2025-10-11,10,185.0,CALL,0.1,0.05,0.15,132,194,0.28114621759589126,0.305,0.0272,-0.2974,0.179,0.0124,0.9486,0.0,1.2174308679418484
2025-10-01 14:52:59.015379,AAPL,175.5,2025-10-11,10,185.0,PUT,10.234977321906126,10.61064000003993,10.617039478602097,33,240,0.32187348666775517,-0.695,0.0257,-0.3343,0.1809,-0.0487,0.9486,9.5,1.4925030424875334
2025-10-01 14:52:59.015390,AAPL,175.5,2025-11-08,38,165.0,CALL,11.960806410559469,11.091460458769939,12.607589058347806,12,1218,0.27416896964945014,0.705,0.046,0.942,0.1218,0.0144,1.0636,10.5,1.3888047739906295
2025-10-01 14:52:59.015399,AAPL,175.5,2025-11-08,38,165.0,PUT,0.1,0.05,0.15,58,510,0.20271275275975398,-0.295,0.0519,1.0343,0.2941,-0.0438,1.0636,0.0,0.610736089203558
2025-10-01 14:52:59.015409,AAPL,175.5,2025-11-08,38,167.5,CALL,8.568047687148345,9.561862219604132,8.02247321828259,189,750,0.2058167332231783,0.68,0.0327,0.9615,0.1889,0.0365,1.0478,8.0,0.2936370747360335
2025-10-01 14:52:59.015419,AAPL,175.5,2025-11-08,38,167.5,PUT,0.1,0.05,0.15,59,377,0.3459692883685822,-0.32,0.0572,1.0801,0.2659,-0.0452,1.0478,0.0,0.8594998821454056
2025-10-01 14:52:59.015429,AAPL,175.5,2025-11-08,38,170.0,CALL,5.759884082235937,6.790283658772815,6.344278002002353,139,869,0.276634915891795,0.655,0.0342,1.0586,0.2617,0.0346,1.0324,5.5,1.7526507018644497
2025-10-01 14:52:59.015438,AAPL,175.5,2025-11-08,38,170.0,PUT,0.1,0.05,0.15,80,146,0.20056572497949438,-0.345,0.0418,1.0825,0.1295,-0.0196,1.0324,0.0,0.6031663481512357
2025-10-01 14:52:59.015447,AAPL,175.5,2025-11-08,38,172.5,CALL,4.2309314895622,3.76785234981599,3.4059074784529333,171,947,0.2903500518438304,0.63,0.0145,0.9885,0.1008,0.0204,1.0174,3.0,1.9705411084160946
2025-10-01 14:52:59.015456,AAPL,175.5,2025-11-08,38,172.5,PUT,0.1,0.05,0.15,121,19,0.3166483581980777,-0.37,0.0547,1.0901,0.1106,-0.0394,1.0174,0.0,0.8462456773557658
2025-10-01 14:52:59.015466,AAPL,175.5,2025-11-08,38,175.0,CALL,0.7395415372807983,0.9774909270997183,0.7758099392560192,55,275,0.323723890535313,0.605,0.0394,0.938,0.2155,0.0262,1.0029,0.5,0.7502286364910187
2025-10-01 14:52:59.015474,AAPL,175.5,2025-11-08,38,175.0,PUT,0.1,0.7549511081093236,0.22111000237721934,204,1219,0.2065269490992074,-0.395,0.0554,1.0791,0.297,-0.0192,1.0029,0.0,0.1
2025-10-01 14:52:59.015483,AAPL,175.5,2025-11-08,38,177.5,CALL,0.1,0.05,0.15,174,1408,0.252252096373088,0.38,0.0514,0.5024,0.2911,0.0361,0.9887,0.0,1.8544906710063538
2025-10-01 14:52:59.015492,AAPL,175.5,2025-11-08,38,177.5,PUT,3.4451696636414058,2.1067321422594554,2.4270060578658894,37,499,0.2697533157380405,-0.62,0.0596,0.5478,0.166,-0.0186,0.9887,2.0,0.43383982121656284
2025-10-01 14:52:59.015501,AAPL,175.5,2025-11-08,38,180.0,CALL,0.1,0.05,0.15,23,94,0.24191944965967643,0.355,0.0129,0.5518,0.2069,0.0264,0.975,0.0,0.5087499353104448
2025-10-01 14:52:59.015512,AAPL,175.5,2025-11-08,38,180.0,PUT,5.792814088669406,6.282739270717819,5.967238111607111,67,1158,0.22093129923872992,-0.645,0.029,0.5658,0.2686,-0.0156,0.975,4.5,1.014603265422679
2025-10-01 14:52:59.015521,AAPL,175.5,2025-11-08,38,182.5,CALL,0.1,0.05,0.15,102,20,0.22594930317608683,0.33,0.0288,0.4732,0.2122,0.0461,0.9616,0.0,0.9413094752845779
2025-10-01 14:52:59.015530,AAPL,175.5,2025-11-08,38,182.5,PUT,8.758274005662456,7.580839671201934,7.673506710334404,4,1381,0.23296047244126594,-0.67,0.0214,0.546,0.2915,-0.0199,0.9616,7.0,1.9656436426182349
2025-10-01 14:52:59.015539,AAPL,175.5,2025-11-08,38,185.0,CALL,0.1,0.05,0.15,53,4,0.24294511427593365,0.305,0.0571,0.506,0.2493,0.0242,0.9486,0.0,1.7330578858085082
2025-10-01 14:52:59.015548,AAPL,175.5,2025-11-08,38,185.0,PUT,10.879513270757721,9.852639119732844,10.90611800810229,176,62,0.30126588538380683,-0.695,0.0102,0.6186,0.108,-0.0563,0.9486,9.5,1.6451713577525084
