snapshot_id,collection_timestamp,ticker,underlying_price,contract_symbol,expiration_date,strike_price,option_type,last_price,bid,ask,volume,open_interest,implied_volatility,days_to_expiry
cca58207-ab0e-4fb5-958a-36227e23fc7e,2025-10-10 20:44:39,AAPL,245.27000427246094,AAPL251017C00090000,2025-10-17,90.0,CALL,163.45,154.5,156.3,3.0,26,2.92969017578125,7
cca58207-ab0e-4fb5-958a-36227e23fc7e,2025-10-10 20:44:39,AAPL,245.27000427246094,AAPL251017C00095000,2025-10-17,95.0,CALL,160.4,149.25,151.4,,2,2.5312536718749996,7
cca58207-ab0e-4fb5-958a-36227e23fc7e,2025-10-10 20:44:39,AAPL,245.27000427246094,AAPL251017C00100000,2025-10-17,100.0,CALL,158.38,144.4,146.3,1.0,19,2.50000375,7
cca58207-ab0e-4fb5-958a-36227e23fc7e,2025-10-10 20:44:39,AAPL,245.27000427246094,AAPL251017C00105000,2025-10-17,105.0,CALL,110.26,122.4,124.25,2.0,14,1.0000000000000003e-05,7
cca58207-ab0e-4fb5-958a-36227e23fc7e,2025-10-10 20:44:39,AAPL,245.27000427246094,AAPL251017C00110000,2025-10-17,110.0,CALL,121.0,134.35,136.3,345.0,462,2.156254609375,7
cca58207-ab0e-4fb5-958a-36227e23fc7e,2025-10-10 20:44:39,AAPL,245.27000427246094,AAPL251017C00115000,2025-10-17,115.0,CALL,112.7,129.8,132.05,1.0,99,2.8281279296874997,7
cca58207-ab0e-4fb5-958a-36227e23fc7e,2025-10-10 20:44:39,AAPL,245.27000427246094,AAPL251017C00120000,2025-10-17,120.0,CALL,91.56,107.8,109.05,1.0,67,1.0000000000000003e-05,7
cca58207-ab0e-4fb5-958a-36227e23fc7e,2025-10-10 20:44:39,AAPL,245.27000427246094,AAPL251017C00125000,2025-10-17,125.0,CALL,114.66,119.25,121.4,3.0,19,1.8359383203124997,7
cca58207-ab0e-4fb5-958a-36227e23fc7e,2025-10-10 20:44:39,AAPL,245.27000427246094,AAPL251017C00130000,2025-10-17,130.0,CALL,124.4,114.35,116.5,10.0,164,1.95703146484375,7
cca58207-ab0e-4fb5-958a-36227e23fc7e,2025-10-10 20:44:39,AAPL,245.27000427246094,AAPL251017C00135000,2025-10-17,135.0,CALL,122.28,109.25,111.45,1.0,73,1.7109389453125,7
cca58207-ab0e-4fb5-958a-36227e23fc7e,2025-10-10 20:44:39,AAPL,245.27000427246094,AAPL251017C00140000,2025-10-17,140.0,CALL,115.4,104.35,106.35,3.0,79,1.61328318359375,7
cca58207-ab0e-4fb5-958a-36227e23fc7e,2025-10-10 20:44:39,AAPL,245.27000427246094,AAPL251017C00145000,2025-10-17,145.0,CALL,108.85,99.25,101.45,13.0,181,1.5195336523437497,7
cca58207-ab0e-4fb5-958a-36227e23fc7e,2025-10-10 20:44:39,AAPL,245.27000427246094,AAPL251017C00150000,2025-10-17,150.0,CALL,98.22,94.45,96.0,9.0,718,1.966797041015625,7
cca58207-ab0e-4fb5-958a-36227e23fc7e,2025-10-10 20:44:39,AAPL,245.27000427246094,AAPL251017C00155000,2025-10-17,155.0,CALL,91.56,89.3,91.4,3.0,176,1.3437532812499997,7
cca58207-ab0e-4fb5-958a-36227e23fc7e,2025-10-10 20:44:39,AAPL,245.27000427246094,AAPL251017C00160000,2025-10-17,160.0,CALL,91.5,84.4,86.35,1.0,299,1.3007847460937496,7
cca58207-ab0e-4fb5-958a-36227e23fc7e,2025-10-10 20:44:39,AAPL,245.27000427246094,AAPL251017C00165000,2025-10-17,165.0,CALL,88.55,79.3,81.45,4.0,238,1.2148476757812499,7
cca58207-ab0e-4fb5-958a-36227e23fc7e,2025-10-10 20:44:39,AAPL,245.27000427246094,AAPL251017C00170000,2025-10-17,170.0,CALL,77.31,74.55,76.05,7.0,652,0.98437515625,7
cca58207-ab0e-4fb5-958a-36227e23fc7e,2025-10-10 20:44:39,AAPL,245.27000427246094,AAPL251017C00175000,2025-10-17,175.0,CALL,72.25,69.85,71.65,1.0,1018,1.3203158984374999,7
cca58207-ab0e-4fb5-958a-36227e23fc7e,2025-10-10 20:44:39,AAPL,245.27000427246094,AAPL251017C00180000,2025-10-17,180.0,CALL,66.43,64.3,66.45,67.0,1728,0.9726565234375,7
cca58207-ab0e-4fb5-958a-36227e23fc7e,2025-10-10 20:44:39,AAPL,245.27000427246094,AAPL251017C00185000,2025-10-17,185.0,CALL,61.67,59.35,61.5,1.0,653,0.945313046875,7
cca58207-ab0e-4fb5-958a-36227e23fc7e,2025-10-10 20:44:39,AAPL,245.27000427246094,AAPL251017C00190000,2025-10-17,190.0,CALL,56.54,53.9,56.5,30.0,1363,1.2680700659179687,7
cca58207-ab0e-4fb5-958a-36227e23fc7e,2025-10-10 20:44:39,AAPL,245.27000427246094,AAPL251017C00195000,2025-10-17,195.0,CALL,53.02,49.8,51.55,210.0,1862,0.922852333984375,7
cca58207-ab0e-4fb5-958a-36227e23fc7e,2025-10-10 20:44:39,AAPL,245.27000427246094,AAPL251017C00200000,2025-10-17,200.0,CALL,45.62,45.2,46.0,165.0,2875,0.80664255859375,7
cca58207-ab0e-4fb5-958a-36227e23fc7e,2025-10-10 20:44:39,AAPL,245.27000427246094,AAPL251017C00205000,2025-10-17,205.0,CALL,41.52,39.45,41.1,54.0,7362,0.8745129736328124,7
cca58207-ab0e-4fb5-958a-36227e23fc7e,2025-10-10 20:44:39,AAPL,245.27000427246094,AAPL251017C00210000,2025-10-17,210.0,CALL,36.92,35.05,36.4,113.0,20273,0.6835969140625001,7
cca58207-ab0e-4fb5-958a-36227e23fc7e,2025-10-10 20:44:39,AAPL,245.27000427246094,AAPL251017C00215000,2025-10-17,215.0,CALL,30.78,29.9,31.75,6227.0,12976,0.6250037500000001,7
cca58207-ab0e-4fb5-958a-36227e23fc7e,2025-10-10 20:44:39,AAPL,245.27000427246094,AAPL251017C00217500,2025-10-17,217.5,CALL,29.0,26.8,29.2,17.0,108,0.74414318359375,7
cca58207-ab0e-4fb5-958a-36227e23fc7e,2025-10-10 20:44:39,AAPL,245.27000427246094,AAPL251017C00220000,2025-10-17,220.0,CALL,25.78,25.55,25.9,1914.0,13612,0.5141650146484374,7
cca58207-ab0e-4fb5-958a-36227e23fc7e,2025-10-10 20:44:39,AAPL,245.27000427246094,AAPL251017C00222500,2025-10-17,222.5,CALL,23.1,23.1,23.6,257.0,60,0.5471236694335939,7
cca58207-ab0e-4fb5-958a-36227e23fc7e,2025-10-10 20:44:39,AAPL,245.27000427246094,AAPL251017C00225000,2025-10-17,225.0,CALL,21.1,20.7,21.1,2175.0,13373,0.500005,7
cca58207-ab0e-4fb5-958a-36227e23fc7e,2025-10-10 20:44:39,AAPL,245.27000427246094,AAPL251017C00227500,2025-10-17,227.5,CALL,19.35,18.3,18.7,1123.0,146,0.467778759765625,7
cca58207-ab0e-4fb5-958a-36227e23fc7e,2025-10-10 20:44:39,AAPL,245.27000427246094,AAPL251017C00230000,2025-10-17,230.0,CALL,16.1,16.0,16.35,1725.0,19909,0.43945873046875,7
cca58207-ab0e-4fb5-958a-36227e23fc7e,2025-10-10 20:44:39,AAPL,245.27000427246094,AAPL251017C00232500,2025-10-17,232.5,CALL,13.89,13.7,14.05,165.0,190,0.41235939208984373,7
cca58207-ab0e-4fb5-958a-36227e23fc7e,2025-10-10 20:44:39,AAPL,245.27000427246094,AAPL251017C00235000,2025-10-17,235.0,CALL,11.42,11.5,11.85,911.0,16305,0.3898986791992188,7
cca58207-ab0e-4fb5-958a-36227e23fc7e,2025-10-10 20:44:39,AAPL,245.27000427246094,AAPL251017C00237500,2025-10-17,237.5,CALL,9.7,9.3,9.95,173.0,224,0.38709109008789055,7
cca58207-ab0e-4fb5-958a-36227e23fc7e,2025-10-10 20:44:39,AAPL,245.27000427246094,AAPL251017C00240000,2025-10-17,240.0,CALL,7.66,7.5,7.95,3018.0,27160,0.3631655480957031,7
cca58207-ab0e-4fb5-958a-36227e23fc7e,2025-10-10 20:44:39,AAPL,245.27000427246094,AAPL251017C00242500,2025-10-17,242.5,CALL,5.9,5.7,6.0,655.0,496,0.3325262060546875,7
cca58207-ab0e-4fb5-958a-36227e23fc7e,2025-10-10 20:44:39,AAPL,245.27000427246094,AAPL251017C00245000,2025-10-17,245.0,CALL,4.39,4.3,4.55,4897.0,15171,0.3259344750976562,7
cca58207-ab0e-4fb5-958a-36227e23fc7e,2025-10-10 20:44:39,AAPL,245.27000427246094,AAPL251017C00247500,2025-10-17,247.5,CALL,3.13,3.05,3.2,8134.0,2794,0.31018756225585936,7
cca58207-ab0e-4fb5-958a-36227e23fc7e,2025-10-10 20:44:39,AAPL,245.27000427246094,AAPL251017C00250000,2025-10-17,250.0,CALL,2.13,2.05,2.21,30993.0,31808,0.30359583129882806,7
cca58207-ab0e-4fb5-958a-36227e23fc7e,2025-10-10 20:44:39,AAPL,245.27000427246094,AAPL251017C00252500,2025-10-17,252.5,CALL,1.43,1.33,1.43,10659.0,3540,0.2954172021484375,7
cca58207-ab0e-4fb5-958a-36227e23fc7e,2025-10-10 20:44:39,AAPL,245.27000427246094,AAPL251017C00255000,2025-10-17,255.0,CALL,0.91,0.88,0.94,28089.0,23776,0.295905478515625,7
cca58207-ab0e-4fb5-958a-36227e23fc7e,2025-10-10 20:44:39,AAPL,245.27000427246094,AAPL251017C00257500,2025-10-17,257.5,CALL,0.54,0.56,0.58,25060.0,16800,0.29395237304687494,7
cca58207-ab0e-4fb5-958a-36227e23fc7e,2025-10-10 20:44:39,AAPL,245.27000427246094,AAPL251017C00260000,2025-10-17,260.0,CALL,0.35,0.34,0.37,62866.0,43345,0.2978585839843749,7
cca58207-ab0e-4fb5-958a-36227e23fc7e,2025-10-10 20:44:39,AAPL,245.27000427246094,AAPL251017C00262500,2025-10-17,262.5,CALL,0.22,0.22,0.24,22026.0,17282,0.30371790039062496,7
cca58207-ab0e-4fb5-958a-36227e23fc7e,2025-10-10 20:44:39,AAPL,245.27000427246094,AAPL251017C00265000,2025-10-17,265.0,CALL,0.16,0.14,0.16,14667.0,22440,0.31153032226562494,7
cca58207-ab0e-4fb5-958a-36227e23fc7e,2025-10-10 20:44:39,AAPL,245.27000427246094,AAPL251017C00267500,2025-10-17,267.5,CALL,0.1,0.1,0.11,2539.0,7261,0.32129584960937496,7
cca58207-ab0e-4fb5-958a-36227e23fc7e,2025-10-10 20:44:39,AAPL,245.27000427246094,AAPL251017C00270000,2025-10-17,270.0,CALL,0.08,0.07,0.08,8696.0,22449,0.33301448242187504,7
cca58207-ab0e-4fb5-958a-36227e23fc7e,2025-10-10 20:44:39,AAPL,245.27000427246094,AAPL251017C00272500,2025-10-17,272.5,CALL,0.06,0.05,0.06,2274.0,1764,0.34570966796874997,7
cca58207-ab0e-4fb5-958a-36227e23fc7e,2025-10-10 20:44:39,AAPL,245.27000427246094,AAPL251017C00275000,2025-10-17,275.0,CALL,0.04,0.04,0.05,3101.0,16911,0.36133451171875,7
cca58207-ab0e-4fb5-958a-36227e23fc7e,2025-10-10 20:44:39,AAPL,245.27000427246094,AAPL251017C00280000,2025-10-17,280.0,CALL,0.03,0.02,0.03,1265.0,12517,0.38672488281249995,7
cca58207-ab0e-4fb5-958a-36227e23fc7e,2025-10-10 20:44:39,AAPL,245.27000427246094,AAPL251017C00285000,2025-10-17,285.0,CALL,0.02,0.01,0.03,286.0,3524,0.42969320312500003,7
cca58207-ab0e-4fb5-958a-36227e23fc7e,2025-10-10 20:44:39,AAPL,245.27000427246094,AAPL251017C00290000,2025-10-17,290.0,CALL,0.02,0.01,0.03,259.0,5943,0.4726615234375,7
cca58207-ab0e-4fb5-958a-36227e23fc7e,2025-10-10 20:44:39,AAPL,245.27000427246094,AAPL251017C00295000,2025-10-17,295.0,CALL,0.01,0.0,0.02,135.0,4212,0.49609878906250005,7
cca58207-ab0e-4fb5-958a-36227e23fc7e,2025-10-10 20:44:39,AAPL,245.27000427246094,AAPL251017C00300000,2025-10-17,300.0,CALL,0.02,0.01,0.02,1645.0,13401,0.5195360546875,7
cca58207-ab0e-4fb5-958a-36227e23fc7e,2025-10-10 20:44:39,AAPL,245.27000427246094,AAPL251017C00305000,2025-10-17,305.0,CALL,0.01,0.0,0.01,667.0,646,0.500005,7
cca58207-ab0e-4fb5-958a-36227e23fc7e,2025-10-10 20:44:39,AAPL,245.27000427246094,AAPL251017C00310000,2025-10-17,310.0,CALL,0.01,0.0,0.01,2.0,2214,0.5468795312500001,7
cca58207-ab0e-4fb5-958a-36227e23fc7e,2025-10-10 20:44:39,AAPL,245.27000427246094,AAPL251017C00315000,2025-10-17,315.0,CALL,0.01,0.0,0.01,5.0,650,0.57812921875,7
cca58207-ab0e-4fb5-958a-36227e23fc7e,2025-10-10 20:44:39,AAPL,245.27000427246094,AAPL251017C00320000,2025-10-17,320.0,CALL,0.01,0.0,0.01,2.0,1573,0.6093789062500001,7
cca58207-ab0e-4fb5-958a-36227e23fc7e,2025-10-10 20:44:39,AAPL,245.27000427246094,AAPL251017C00325000,2025-10-17,325.0,CALL,0.01,0.0,0.01,8.0,642,0.64062859375,7
cca58207-ab0e-4fb5-958a-36227e23fc7e,2025-10-10 20:44:39,AAPL,245.27000427246094,AAPL251017C00330000,2025-10-17,330.0,CALL,0.01,0.0,0.01,171.0,886,0.6718782812500002,7
cca58207-ab0e-4fb5-958a-36227e23fc7e,2025-10-10 20:44:39,AAPL,245.27000427246094,AAPL251017C00335000,2025-10-17,335.0,CALL,0.01,0.0,0.21,20.0,82,0.9414068359375,7
cca58207-ab0e-4fb5-958a-36227e23fc7e,2025-10-10 20:44:39,AAPL,245.27000427246094,AAPL251017C00340000,2025-10-17,340.0,CALL,0.01,0.0,0.01,35.0,153,0.73437765625,7
cca58207-ab0e-4fb5-958a-36227e23fc7e,2025-10-10 20:44:39,AAPL,245.27000427246094,AAPL251017C00345000,2025-10-17,345.0,CALL,0.01,0.0,0.01,1.0,391,0.7500025,7
cca58207-ab0e-4fb5-958a-36227e23fc7e,2025-10-10 20:44:39,AAPL,245.27000427246094,AAPL251017C00350000,2025-10-17,350.0,CALL,0.01,0.0,0.0,150.0,450,0.500005,7
cca58207-ab0e-4fb5-958a-36227e23fc7e,2025-10-10 20:44:39,AAPL,245.27000427246094,AAPL251017C00355000,2025-10-17,355.0,CALL,0.01,0.0,0.01,1.0,225,0.8125018749999999,7
cca58207-ab0e-4fb5-958a-36227e23fc7e,2025-10-10 20:44:39,AAPL,245.27000427246094,AAPL251017C00360000,2025-10-17,360.0,CALL,0.01,0.0,0.01,1.0,1497,0.8437515624999999,7
cca58207-ab0e-4fb5-958a-36227e23fc7e,2025-10-10 20:44:39,AAPL,245.27000427246094,AAPL251017C00370000,2025-10-17,370.0,CALL,0.01,0.0,0.01,16.0,2844,0.9062509375,7
cca58207-ab0e-4fb5-958a-36227e23fc7e,2025-10-10 20:44:39,AAPL,245.27000427246094,AAPL251017P00090000,2025-10-17,90.0,PUT,0.01,0.0,0.01,6.0,955,2.1875045312499997,7
cca58207-ab0e-4fb5-958a-36227e23fc7e,2025-10-10 20:44:39,AAPL,245.27000427246094,AAPL251017P00095000,2025-10-17,95.0,PUT,0.01,0.0,0.01,1.0,1135,2.0625048437499998,7
cca58207-ab0e-4fb5-958a-36227e23fc7e,2025-10-10 20:44:39,AAPL,245.27000427246094,AAPL251017P00100000,2025-10-17,100.0,PUT,0.01,0.0,0.01,2.0,860,1.9375003125,7
cca58207-ab0e-4fb5-958a-36227e23fc7e,2025-10-10 20:44:39,AAPL,245.27000427246094,AAPL251017P00105000,2025-10-17,105.0,PUT,0.02,0.0,0.01,1.0,292,1.875000625,7
cca58207-ab0e-4fb5-958a-36227e23fc7e,2025-10-10 20:44:39,AAPL,245.27000427246094,AAPL251017P00110000,2025-10-17,110.0,PUT,0.01,0.0,0.01,5.0,615,1.75000125,7
cca58207-ab0e-4fb5-958a-36227e23fc7e,2025-10-10 20:44:39,AAPL,245.27000427246094,AAPL251017P00115000,2025-10-17,115.0,PUT,0.01,0.0,0.21,20.0,595,2.1953170117187497,7
cca58207-ab0e-4fb5-958a-36227e23fc7e,2025-10-10 20:44:39,AAPL,245.27000427246094,AAPL251017P00120000,2025-10-17,120.0,PUT,0.01,0.0,0.17,1.0,5856,2.031254921875,7
cca58207-ab0e-4fb5-958a-36227e23fc7e,2025-10-10 20:44:39,AAPL,245.27000427246094,AAPL251017P00125000,2025-10-17,125.0,PUT,0.01,0.0,0.03,40.0,1704,1.625001875,7
cca58207-ab0e-4fb5-958a-36227e23fc7e,2025-10-10 20:44:39,AAPL,245.27000427246094,AAPL251017P00130000,2025-10-17,130.0,PUT,0.01,0.0,0.08,77.0,1185,1.6796891015625,7
cca58207-ab0e-4fb5-958a-36227e23fc7e,2025-10-10 20:44:39,AAPL,245.27000427246094,AAPL251017P00135000,2025-10-17,135.0,PUT,0.01,0.0,0.03,1.0,1455,1.453127734375,7
cca58207-ab0e-4fb5-958a-36227e23fc7e,2025-10-10 20:44:39,AAPL,245.27000427246094,AAPL251017P00140000,2025-10-17,140.0,PUT,0.01,0.0,0.01,1.0,2453,1.2500037499999999,7
cca58207-ab0e-4fb5-958a-36227e23fc7e,2025-10-10 20:44:39,AAPL,245.27000427246094,AAPL251017P00145000,2025-10-17,145.0,PUT,0.01,0.0,0.01,5.0,4239,1.1875040625,7
cca58207-ab0e-4fb5-958a-36227e23fc7e,2025-10-10 20:44:39,AAPL,245.27000427246094,AAPL251017P00150000,2025-10-17,150.0,PUT,0.01,0.0,0.01,86.0,11323,1.09375453125,7
cca58207-ab0e-4fb5-958a-36227e23fc7e,2025-10-10 20:44:39,AAPL,245.27000427246094,AAPL251017P00155000,2025-10-17,155.0,PUT,0.02,0.0,0.01,105.0,3080,1.0312548437500002,7
cca58207-ab0e-4fb5-958a-36227e23fc7e,2025-10-10 20:44:39,AAPL,245.27000427246094,AAPL251017P00160000,2025-10-17,160.0,PUT,0.01,0.0,0.02,202.0,14161,1.015629921875,7
cca58207-ab0e-4fb5-958a-36227e23fc7e,2025-10-10 20:44:39,AAPL,245.27000427246094,AAPL251017P00165000,2025-10-17,165.0,PUT,0.01,0.0,0.03,938.0,6307,0.98437515625,7
cca58207-ab0e-4fb5-958a-36227e23fc7e,2025-10-10 20:44:39,AAPL,245.27000427246094,AAPL251017P00170000,2025-10-17,170.0,PUT,0.02,0.01,0.05,109.0,7145,0.98437515625,7
cca58207-ab0e-4fb5-958a-36227e23fc7e,2025-10-10 20:44:39,AAPL,245.27000427246094,AAPL251017P00175000,2025-10-17,175.0,PUT,0.02,0.01,0.02,253.0,5345,0.851563984375,7
cca58207-ab0e-4fb5-958a-36227e23fc7e,2025-10-10 20:44:39,AAPL,245.27000427246094,AAPL251017P00180000,2025-10-17,180.0,PUT,0.02,0.01,0.03,493.0,12036,0.804689453125,7
cca58207-ab0e-4fb5-958a-36227e23fc7e,2025-10-10 20:44:39,AAPL,245.27000427246094,AAPL251017P00185000,2025-10-17,185.0,PUT,0.03,0.01,0.18,592.0,10074,0.88476677734375,7
cca58207-ab0e-4fb5-958a-36227e23fc7e,2025-10-10 20:44:39,AAPL,245.27000427246094,AAPL251017P00190000,2025-10-17,190.0,PUT,0.03,0.02,0.05,959.0,13991,0.7187528125,7
cca58207-ab0e-4fb5-958a-36227e23fc7e,2025-10-10 20:44:39,AAPL,245.27000427246094,AAPL251017P00195000,2025-10-17,195.0,PUT,0.05,0.03,0.05,1302.0,9830,0.6621127539062501,7
cca58207-ab0e-4fb5-958a-36227e23fc7e,2025-10-10 20:44:39,AAPL,245.27000427246094,AAPL251017P00200000,2025-10-17,200.0,PUT,0.07,0.05,0.07,637.0,16648,0.6250037500000001,7
cca58207-ab0e-4fb5-958a-36227e23fc7e,2025-10-10 20:44:39,AAPL,245.27000427246094,AAPL251017P00205000,2025-10-17,205.0,PUT,0.09,0.07,0.1,774.0,11589,0.5839885351562499,7
cca58207-ab0e-4fb5-958a-36227e23fc7e,2025-10-10 20:44:39,AAPL,245.27000427246094,AAPL251017P00210000,2025-10-17,210.0,PUT,0.13,0.11,0.13,1701.0,28542,0.5419967675781252,7
cca58207-ab0e-4fb5-958a-36227e23fc7e,2025-10-10 20:44:39,AAPL,245.27000427246094,AAPL251017P00215000,2025-10-17,215.0,PUT,0.19,0.16,0.17,7401.0,17216,0.49805189453125004,7
cca58207-ab0e-4fb5-958a-36227e23fc7e,2025-10-10 20:44:39,AAPL,245.27000427246094,AAPL251017P00217500,2025-10-17,217.5,PUT,0.21,0.19,0.22,813.0,907,0.48242705078125003,7
cca58207-ab0e-4fb5-958a-36227e23fc7e,2025-10-10 20:44:39,AAPL,245.27000427246094,AAPL251017P00220000,2025-10-17,220.0,PUT,0.26,0.24,0.27,3417.0,19828,0.46143116699218756,7
cca58207-ab0e-4fb5-958a-36227e23fc7e,2025-10-10 20:44:39,AAPL,245.27000427246094,AAPL251017P00222500,2025-10-17,222.5,PUT,0.32,0.3,0.33,495.0,594,0.43945873046875,7
cca58207-ab0e-4fb5-958a-36227e23fc7e,2025-10-10 20:44:39,AAPL,245.27000427246094,AAPL251017P00225000,2025-10-17,225.0,PUT,0.41,0.39,0.42,8382.0,10817,0.42090422851562503,7
cca58207-ab0e-4fb5-958a-36227e23fc7e,2025-10-10 20:44:39,AAPL,245.27000427246094,AAPL251017P00227500,2025-10-17,227.5,PUT,0.53,0.5,0.53,1076.0,1527,0.4008848974609375,7
cca58207-ab0e-4fb5-958a-36227e23fc7e,2025-10-10 20:44:39,AAPL,245.27000427246094,AAPL251017P00230000,2025-10-17,230.0,PUT,0.67,0.65,0.69,5056.0,13147,0.3830628100585937,7
cca58207-ab0e-4fb5-958a-36227e23fc7e,2025-10-10 20:44:39,AAPL,245.27000427246094,AAPL251017P00232500,2025-10-17,232.5,PUT,0.92,0.87,0.94,5395.0,1863,0.37036762451171873,7
cca58207-ab0e-4fb5-958a-36227e23fc7e,2025-10-10 20:44:39,AAPL,245.27000427246094,AAPL251017P00235000,2025-10-17,235.0,PUT,1.2,1.12,1.22,14965.0,10077,0.35156898437499995,7
cca58207-ab0e-4fb5-958a-36227e23fc7e,2025-10-10 20:44:39,AAPL,245.27000427246094,AAPL251017P00237500,2025-10-17,237.5,PUT,1.59,1.56,1.68,12281.0,1599,0.34107104248046877,7
cca58207-ab0e-4fb5-958a-36227e23fc7e,2025-10-10 20:44:39,AAPL,245.27000427246094,AAPL251017P00240000,2025-10-17,240.0,PUT,2.15,2.14,2.23,23454.0,12317,0.3259344750976562,7
cca58207-ab0e-4fb5-958a-36227e23fc7e,2025-10-10 20:44:39,AAPL,245.27000427246094,AAPL251017P00242500,2025-10-17,242.5,PUT,2.91,2.83,3.05,6831.0,4954,0.31873239868164055,7
cca58207-ab0e-4fb5-958a-36227e23fc7e,2025-10-10 20:44:39,AAPL,245.27000427246094,AAPL251017P00245000,2025-10-17,245.0,PUT,3.8,3.8,4.0,22960.0,7146,0.3053047985839844,7
cca58207-ab0e-4fb5-958a-36227e23fc7e,2025-10-10 20:44:39,AAPL,245.27000427246094,AAPL251017P00247500,2025-10-17,247.5,PUT,5.15,5.05,5.3,13401.0,5644,0.3004220349121094,7
cca58207-ab0e-4fb5-958a-36227e23fc7e,2025-10-10 20:44:39,AAPL,245.27000427246094,AAPL251017P00250000,2025-10-17,250.0,PUT,6.74,6.5,7.35,13523.0,11205,0.3365544860839844,7
cca58207-ab0e-4fb5-958a-36227e23fc7e,2025-10-10 20:44:39,AAPL,245.27000427246094,AAPL251017P00252500,2025-10-17,252.5,PUT,8.61,8.15,8.75,6338.0,4823,0.30383996948242187,7
cca58207-ab0e-4fb5-958a-36227e23fc7e,2025-10-10 20:44:39,AAPL,245.27000427246094,AAPL251017P00255000,2025-10-17,255.0,PUT,10.2,10.25,10.65,10626.0,6856,0.2937082348632812,7
cca58207-ab0e-4fb5-958a-36227e23fc7e,2025-10-10 20:44:39,AAPL,245.27000427246094,AAPL251017P00257500,2025-10-17,257.5,PUT,12.77,12.35,13.4,1468.0,3796,0.36890279541015625,7
cca58207-ab0e-4fb5-958a-36227e23fc7e,2025-10-10 20:44:39,AAPL,245.27000427246094,AAPL251017P00260000,2025-10-17,260.0,PUT,15.32,14.5,15.75,895.0,3278,0.39600213378906257,7
cca58207-ab0e-4fb5-958a-36227e23fc7e,2025-10-10 20:44:39,AAPL,245.27000427246094,AAPL251017P00262500,2025-10-17,262.5,PUT,16.79,16.55,18.45,103.0,1939,0.4643608251953125,7
cca58207-ab0e-4fb5-958a-36227e23fc7e,2025-10-10 20:44:39,AAPL,245.27000427246094,AAPL251017P00265000,2025-10-17,265.0,PUT,19.99,19.15,20.7,86.0,3983,0.4726615234375,7
cca58207-ab0e-4fb5-958a-36227e23fc7e,2025-10-10 20:44:39,AAPL,245.27000427246094,AAPL251017P00267500,2025-10-17,267.5,PUT,19.07,21.6,23.0,5.0,166,0.48071808349609374,7
cca58207-ab0e-4fb5-958a-36227e23fc7e,2025-10-10 20:44:39,AAPL,245.27000427246094,AAPL251017P00270000,2025-10-17,270.0,PUT,24.65,23.9,25.7,91.0,6328,0.5502974658203126,7
cca58207-ab0e-4fb5-958a-36227e23fc7e,2025-10-10 20:44:39,AAPL,245.27000427246094,AAPL251017P00272500,2025-10-17,272.5,PUT,20.81,26.6,28.0,4.0,2,0.5537154003906251,7
cca58207-ab0e-4fb5-958a-36227e23fc7e,2025-10-10 20:44:39,AAPL,245.27000427246094,AAPL251017P00275000,2025-10-17,275.0,PUT,20.85,29.1,30.5,1.0,108,0.5888712988281251,7
cca58207-ab0e-4fb5-958a-36227e23fc7e,2025-10-10 20:44:39,AAPL,245.27000427246094,AAPL251017P00280000,2025-10-17,280.0,PUT,32.36,34.0,35.4,8.0,12,0.6359899682617188,7
cca58207-ab0e-4fb5-958a-36227e23fc7e,2025-10-10 20:44:39,AAPL,245.27000427246094,AAPL251017P00285000,2025-10-17,285.0,PUT,27.05,39.05,40.5,6.0,0,0.7216824707031251,7
cca58207-ab0e-4fb5-958a-36227e23fc7e,2025-10-10 20:44:39,AAPL,245.27000427246094,AAPL251017P00290000,2025-10-17,290.0,PUT,42.08,44.0,45.4,3.0,3,0.7612328564453126,7
cca58207-ab0e-4fb5-958a-36227e23fc7e,2025-10-10 20:44:39,AAPL,245.27000427246094,AAPL251017P00295000,2025-10-17,295.0,PUT,68.15,49.1,50.5,2.0,0,0.570316796875,7
cca58207-ab0e-4fb5-958a-36227e23fc7e,2025-10-10 20:44:39,AAPL,245.27000427246094,AAPL251017P00300000,2025-10-17,300.0,PUT,44.1,54.0,55.4,3.0,0,0.8784191845703124,7
cca58207-ab0e-4fb5-958a-36227e23fc7e,2025-10-10 20:44:39,AAPL,245.27000427246094,AAPL251017P00305000,2025-10-17,305.0,PUT,48.05,59.05,60.5,2.0,0,0.6250037500000001,7
cca58207-ab0e-4fb5-958a-36227e23fc7e,2025-10-10 20:44:39,AAPL,245.27000427246094,AAPL251017P00315000,2025-10-17,315.0,PUT,69.7,69.05,70.5,1.0,0,0.7070341796875,7
cca58207-ab0e-4fb5-958a-36227e23fc7e,2025-10-10 20:44:39,AAPL,245.27000427246094,AAPL251017P00320000,2025-10-17,320.0,PUT,65.4,74.0,75.4,1.0,0,1.0922896948242187,7
cca58207-ab0e-4fb5-958a-36227e23fc7e,2025-10-10 20:44:39,AAPL,245.27000427246094,AAPL251017P00330000,2025-10-17,330.0,PUT,98.75,95.7,96.25,,0,2.5598180535888666,7
cca58207-ab0e-4fb5-958a-36227e23fc7e,2025-10-10 20:44:39,AAPL,245.27000427246094,AAPL251017P00335000,2025-10-17,335.0,PUT,89.55,88.95,90.5,5.0,0,1.2705114599609373,7
cca58207-ab0e-4fb5-958a-36227e23fc7e,2025-10-10 20:44:39,AAPL,245.27000427246094,AAPL251017P00355000,2025-10-17,355.0,PUT,157.02,0.0,0.0,,0,1.0000000000000003e-05,7
cca58207-ab0e-4fb5-958a-36227e23fc7e,2025-10-10 20:44:39,AAPL,245.27000427246094,AAPL251017P00360000,2025-10-17,360.0,PUT,162.01,0.0,0.0,,0,1.0000000000000003e-05,7
cca58207-ab0e-4fb5-958a-36227e23fc7e,2025-10-10 20:44:39,AAPL,245.27000427246094,AAPL251017P00370000,2025-10-17,370.0,PUT,159.95,141.9,142.5,,0,3.6439217886352546,7
cca58207-ab0e-4fb5-958a-36227e23fc7e,2025-10-10 20:44:39,AAPL,245.27000427246094,AAPL251024C00110000,2025-10-24,110.0,CALL,143.35,134.25,136.4,1.0,3,1.5234398828124998,14
cca58207-ab0e-4fb5-958a-36227e23fc7e,2025-10-10 20:44:39,AAPL,245.27000427246094,AAPL251024C00120000,2025-10-24,120.0,CALL,133.19,124.45,126.4,,1,1.54297103515625,14
cca58207-ab0e-4fb5-958a-36227e23fc7e,2025-10-10 20:44:39,AAPL,245.27000427246094,AAPL251024C00125000,2025-10-24,125.0,CALL,133.49,119.35,121.55,3.0,3,1.4882838085937498,14
cca58207-ab0e-4fb5-958a-36227e23fc7e,2025-10-10 20:44:39,AAPL,245.27000427246094,AAPL251024C00140000,2025-10-24,140.0,CALL,116.1,104.5,106.45,1.0,1,1.2812535937499998,14
cca58207-ab0e-4fb5-958a-36227e23fc7e,2025-10-10 20:44:39,AAPL,245.27000427246094,AAPL251024C00160000,2025-10-24,160.0,CALL,94.2,84.6,86.5,1.0,0,1.0498094384765626,14
cca58207-ab0e-4fb5-958a-36227e23fc7e,2025-10-10 20:44:39,AAPL,245.27000427246094,AAPL251024C00165000,2025-10-24,165.0,CALL,90.95,79.45,81.55,3.0,5,0.95507857421875,14
cca58207-ab0e-4fb5-958a-36227e23fc7e,2025-10-10 20:44:39,AAPL,245.27000427246094,AAPL251024C00170000,2025-10-24,170.0,CALL,76.03,74.55,76.55,6.0,6,0.9179695703125,14
cca58207-ab0e-4fb5-958a-36227e23fc7e,2025-10-10 20:44:39,AAPL,245.27000427246094,AAPL251024C00175000,2025-10-24,175.0,CALL,83.68,69.45,71.65,2.0,2,0.8544936425781251,14
cca58207-ab0e-4fb5-958a-36227e23fc7e,2025-10-10 20:44:39,AAPL,245.27000427246094,AAPL251024C00180000,2025-10-24,180.0,CALL,78.67,64.6,66.45,2.0,14,0.780275634765625,14
cca58207-ab0e-4fb5-958a-36227e23fc7e,2025-10-10 20:44:39,AAPL,245.27000427246094,AAPL251024C00185000,2025-10-24,185.0,CALL,61.06,59.5,61.85,2.0,5,0.7773459765625,14
cca58207-ab0e-4fb5-958a-36227e23fc7e,2025-10-10 20:44:39,AAPL,245.27000427246094,AAPL251024C00190000,2025-10-24,190.0,CALL,58.65,54.65,56.6,10.0,17,0.6982452050781252,14
cca58207-ab0e-4fb5-958a-36227e23fc7e,2025-10-10 20:44:39,AAPL,245.27000427246094,AAPL251024C00195000,2025-10-24,195.0,CALL,55.17,49.55,51.75,100.0,10,0.6455113574218749,14
cca58207-ab0e-4fb5-958a-36227e23fc7e,2025-10-10 20:44:39,AAPL,245.27000427246094,AAPL251024C00200000,2025-10-24,200.0,CALL,47.0,44.7,46.65,61.0,79,0.5918009570312501,14
cca58207-ab0e-4fb5-958a-36227e23fc7e,2025-10-10 20:44:39,AAPL,245.27000427246094,AAPL251024C00205000,2025-10-24,205.0,CALL,41.87,39.9,41.75,19.0,21,0.5664105859375,14
cca58207-ab0e-4fb5-958a-36227e23fc7e,2025-10-10 20:44:39,AAPL,245.27000427246094,AAPL251024C00210000,2025-10-24,210.0,CALL,35.88,35.4,36.85,93.0,59,0.5559126440429689,14
cca58207-ab0e-4fb5-958a-36227e23fc7e,2025-10-10 20:44:39,AAPL,245.27000427246094,AAPL251024C00215000,2025-10-24,215.0,CALL,32.63,29.7,31.3,18.0,156,0.5136767382812499,14
cca58207-ab0e-4fb5-958a-36227e23fc7e,2025-10-10 20:44:39,AAPL,245.27000427246094,AAPL251024C00220000,2025-10-24,220.0,CALL,27.4,25.7,26.45,88.0,528,0.4626518579101563,14
cca58207-ab0e-4fb5-958a-36227e23fc7e,2025-10-10 20:44:39,AAPL,245.27000427246094,AAPL251024C00225000,2025-10-24,225.0,CALL,21.65,21.35,21.75,75.0,535,0.42139250488281255,14
cca58207-ab0e-4fb5-958a-36227e23fc7e,2025-10-10 20:44:39,AAPL,245.27000427246094,AAPL251024C00230000,2025-10-24,230.0,CALL,17.17,16.85,17.2,126.0,1418,0.3825745336914062,14
cca58207-ab0e-4fb5-958a-36227e23fc7e,2025-10-10 20:44:39,AAPL,245.27000427246094,AAPL251024C00235000,2025-10-24,235.0,CALL,12.7,12.6,13.0,332.0,1868,0.3540103662109374,14
cca58207-ab0e-4fb5-958a-36227e23fc7e,2025-10-10 20:44:39,AAPL,245.27000427246094,AAPL251024C00240000,2025-10-24,240.0,CALL,9.1,8.9,9.2,641.0,2495,0.32776551147460936,14
cca58207-ab0e-4fb5-958a-36227e23fc7e,2025-10-10 20:44:39,AAPL,245.27000427246094,AAPL251024C00245000,2025-10-24,245.0,CALL,5.77,5.8,6.0,1046.0,2932,0.3061592822265625,14
cca58207-ab0e-4fb5-958a-36227e23fc7e,2025-10-10 20:44:39,AAPL,245.27000427246094,AAPL251024C00250000,2025-10-24,250.0,CALL,3.4,3.4,3.55,5645.0,8161,0.28943581665039053,14
cca58207-ab0e-4fb5-958a-36227e23fc7e,2025-10-10 20:44:39,AAPL,245.27000427246094,AAPL251024C00255000,2025-10-24,255.0,CALL,1.9,1.88,1.97,24066.0,6707,0.2827220166015625,14
cca58207-ab0e-4fb5-958a-36227e23fc7e,2025-10-10 20:44:39,AAPL,245.27000427246094,AAPL251024C00260000,2025-10-24,260.0,CALL,0.98,0.97,1.05,25041.0,20076,0.2825999475097656,14
cca58207-ab0e-4fb5-958a-36227e23fc7e,2025-10-10 20:44:39,AAPL,245.27000427246094,AAPL251024C00265000,2025-10-24,265.0,CALL,0.5,0.5,0.57,4994.0,8447,0.2890696093749999,14
cca58207-ab0e-4fb5-958a-36227e23fc7e,2025-10-10 20:44:39,AAPL,245.27000427246094,AAPL251024C00270000,2025-10-24,270.0,CALL,0.26,0.26,0.28,5500.0,11719,0.2915109912109374,14
cca58207-ab0e-4fb5-958a-36227e23fc7e,2025-10-10 20:44:39,AAPL,245.27000427246094,AAPL251024C00275000,2025-10-24,275.0,CALL,0.15,0.14,0.16,1754.0,6754,0.30371790039062496,14
cca58207-ab0e-4fb5-958a-36227e23fc7e,2025-10-10 20:44:39,AAPL,245.27000427246094,AAPL251024C00280000,2025-10-24,280.0,CALL,0.08,0.08,0.1,880.0,3814,0.3193427441406249,14
cca58207-ab0e-4fb5-958a-36227e23fc7e,2025-10-10 20:44:39,AAPL,245.27000427246094,AAPL251024C00285000,2025-10-24,285.0,CALL,0.06,0.06,0.07,77.0,5486,0.33789724609375,14
cca58207-ab0e-4fb5-958a-36227e23fc7e,2025-10-10 20:44:39,AAPL,245.27000427246094,AAPL251024C00290000,2025-10-24,290.0,CALL,0.04,0.03,0.05,181.0,4906,0.35547519531249994,14
cca58207-ab0e-4fb5-958a-36227e23fc7e,2025-10-10 20:44:39,AAPL,245.27000427246094,AAPL251024C00295000,2025-10-24,295.0,CALL,0.02,0.02,0.03,14.0,435,0.36524072265625,14
cca58207-ab0e-4fb5-958a-36227e23fc7e,2025-10-10 20:44:39,AAPL,245.27000427246094,AAPL251024C00300000,2025-10-24,300.0,CALL,0.02,0.02,0.03,177.0,1601,0.39453730468750003,14
cca58207-ab0e-4fb5-958a-36227e23fc7e,2025-10-10 20:44:39,AAPL,245.27000427246094,AAPL251024C00305000,2025-10-24,305.0,CALL,0.02,0.01,0.03,24.0,136,0.42188078125,14
cca58207-ab0e-4fb5-958a-36227e23fc7e,2025-10-10 20:44:39,AAPL,245.27000427246094,AAPL251024C00310000,2025-10-24,310.0,CALL,0.02,0.0,0.03,12.0,145,0.44922425781249997,14
cca58207-ab0e-4fb5-958a-36227e23fc7e,2025-10-10 20:44:39,AAPL,245.27000427246094,AAPL251024C00315000,2025-10-24,315.0,CALL,0.02,0.01,0.03,11.0,112,0.476567734375,14
cca58207-ab0e-4fb5-958a-36227e23fc7e,2025-10-10 20:44:39,AAPL,245.27000427246094,AAPL251024C00320000,2025-10-24,320.0,CALL,0.01,0.0,0.03,5.0,100,0.5039112109375,14
cca58207-ab0e-4fb5-958a-36227e23fc7e,2025-10-10 20:44:39,AAPL,245.27000427246094,AAPL251024C00325000,2025-10-24,325.0,CALL,0.01,0.0,0.02,21.0,120,0.507817421875,14
cca58207-ab0e-4fb5-958a-36227e23fc7e,2025-10-10 20:44:39,AAPL,245.27000427246094,AAPL251024P00110000,2025-10-24,110.0,PUT,0.01,0.0,0.21,3.0,53,1.6386736816406249,14
cca58207-ab0e-4fb5-958a-36227e23fc7e,2025-10-10 20:44:39,AAPL,245.27000427246094,AAPL251024P00130000,2025-10-24,130.0,PUT,0.01,0.0,0.22,50.0,53,1.3281283593749997,14
cca58207-ab0e-4fb5-958a-36227e23fc7e,2025-10-10 20:44:39,AAPL,245.27000427246094,AAPL251024P00135000,2025-10-24,135.0,PUT,0.02,0.0,0.21,100.0,103,1.2460975195312498,14
cca58207-ab0e-4fb5-958a-36227e23fc7e,2025-10-10 20:44:39,AAPL,245.27000427246094,AAPL251024P00140000,2025-10-24,140.0,PUT,0.01,0.0,0.21,5.0,421,1.1777384863281248,14
cca58207-ab0e-4fb5-958a-36227e23fc7e,2025-10-10 20:44:39,AAPL,245.27000427246094,AAPL251024P00145000,2025-10-24,145.0,PUT,0.01,0.0,0.22,10.0,46,1.1171919140625,14
cca58207-ab0e-4fb5-958a-36227e23fc7e,2025-10-10 20:44:39,AAPL,245.27000427246094,AAPL251024P00150000,2025-10-24,150.0,PUT,0.01,0.0,0.22,30.0,188,1.05078599609375,14
cca58207-ab0e-4fb5-958a-36227e23fc7e,2025-10-10 20:44:39,AAPL,245.27000427246094,AAPL251024P00155000,2025-10-24,155.0,PUT,0.05,0.01,0.22,3.0,6,0.992187578125,14
cca58207-ab0e-4fb5-958a-36227e23fc7e,2025-10-10 20:44:39,AAPL,245.27000427246094,AAPL251024P00160000,2025-10-24,160.0,PUT,0.01,0.0,0.03,6.0,65,0.7500025,14
cca58207-ab0e-4fb5-958a-36227e23fc7e,2025-10-10 20:44:39,AAPL,245.27000427246094,AAPL251024P00165000,2025-10-24,165.0,PUT,0.02,0.0,0.03,57.0,107,0.6953155468750001,14
cca58207-ab0e-4fb5-958a-36227e23fc7e,2025-10-10 20:44:39,AAPL,245.27000427246094,AAPL251024P00170000,2025-10-24,170.0,PUT,0.02,0.02,0.04,32.0,222,0.6953155468750001,14
cca58207-ab0e-4fb5-958a-36227e23fc7e,2025-10-10 20:44:39,AAPL,245.27000427246094,AAPL251024P00175000,2025-10-24,175.0,PUT,0.02,0.02,0.05,51.0,134,0.6562534375000001,14
cca58207-ab0e-4fb5-958a-36227e23fc7e,2025-10-10 20:44:39,AAPL,245.27000427246094,AAPL251024P00180000,2025-10-24,180.0,PUT,0.04,0.03,0.06,30.0,45,0.6210975390625001,14
cca58207-ab0e-4fb5-958a-36227e23fc7e,2025-10-10 20:44:39,AAPL,245.27000427246094,AAPL251024P00185000,2025-10-24,185.0,PUT,0.05,0.04,0.07,51.0,556,0.585941640625,14
cca58207-ab0e-4fb5-958a-36227e23fc7e,2025-10-10 20:44:39,AAPL,245.27000427246094,AAPL251024P00190000,2025-10-24,190.0,PUT,0.07,0.06,0.09,78.0,93,0.5556685058593751,14
cca58207-ab0e-4fb5-958a-36227e23fc7e,2025-10-10 20:44:39,AAPL,245.27000427246094,AAPL251024P00195000,2025-10-24,195.0,PUT,0.08,0.09,0.12,2023.0,194,0.5283250292968751,14
cca58207-ab0e-4fb5-958a-36227e23fc7e,2025-10-10 20:44:39,AAPL,245.27000427246094,AAPL251024P00200000,2025-10-24,200.0,PUT,0.14,0.13,0.15,615.0,3411,0.5019581054687501,14
cca58207-ab0e-4fb5-958a-36227e23fc7e,2025-10-10 20:44:39,AAPL,245.27000427246094,AAPL251024P00205000,2025-10-24,205.0,PUT,0.22,0.18,0.21,112.0,2440,0.47363807617187503,14
cca58207-ab0e-4fb5-958a-36227e23fc7e,2025-10-10 20:44:39,AAPL,245.27000427246094,AAPL251024P00210000,2025-10-24,210.0,PUT,0.27,0.26,0.29,353.0,882,0.44336494140625,14
cca58207-ab0e-4fb5-958a-36227e23fc7e,2025-10-10 20:44:39,AAPL,245.27000427246094,AAPL251024P00215000,2025-10-24,215.0,PUT,0.39,0.37,0.41,315.0,588,0.4145566357421875,14
cca58207-ab0e-4fb5-958a-36227e23fc7e,2025-10-10 20:44:39,AAPL,245.27000427246094,AAPL251024P00220000,2025-10-24,220.0,PUT,0.57,0.55,0.59,1624.0,3493,0.3857483300781249,14
cca58207-ab0e-4fb5-958a-36227e23fc7e,2025-10-10 20:44:39,AAPL,245.27000427246094,AAPL251024P00225000,2025-10-24,225.0,PUT,0.86,0.72,0.87,1946.0,1286,0.35816071533203125,14
cca58207-ab0e-4fb5-958a-36227e23fc7e,2025-10-10 20:44:39,AAPL,245.27000427246094,AAPL251024P00230000,2025-10-24,230.0,PUT,1.34,1.26,1.35,7896.0,2364,0.33521172607421873,14
cca58207-ab0e-4fb5-958a-36227e23fc7e,2025-10-10 20:44:39,AAPL,245.27000427246094,AAPL251024P00235000,2025-10-24,235.0,PUT,2.1,1.98,2.15,3797.0,2906,0.3156806713867187,14
cca58207-ab0e-4fb5-958a-36227e23fc7e,2025-10-10 20:44:39,AAPL,245.27000427246094,AAPL251024P00240000,2025-10-24,240.0,PUT,3.33,3.2,3.35,3908.0,2195,0.2951730639648437,14
cca58207-ab0e-4fb5-958a-36227e23fc7e,2025-10-10 20:44:39,AAPL,245.27000427246094,AAPL251024P00245000,2025-10-24,245.0,PUT,5.16,5.05,5.25,4214.0,5388,0.28113511840820304,14
cca58207-ab0e-4fb5-958a-36227e23fc7e,2025-10-10 20:44:39,AAPL,245.27000427246094,AAPL251024P00250000,2025-10-24,250.0,PUT,7.9,7.6,8.05,2845.0,2267,0.27686270019531245,14
cca58207-ab0e-4fb5-958a-36227e23fc7e,2025-10-10 20:44:39,AAPL,245.27000427246094,AAPL251024P00255000,2025-10-24,255.0,PUT,11.35,11.1,11.5,1037.0,2946,0.2695385546875,14
cca58207-ab0e-4fb5-958a-36227e23fc7e,2025-10-10 20:44:39,AAPL,245.27000427246094,AAPL251024P00260000,2025-10-24,260.0,PUT,15.4,14.8,16.0,193.0,832,0.30152065673828127,14
cca58207-ab0e-4fb5-958a-36227e23fc7e,2025-10-10 20:44:39,AAPL,245.27000427246094,AAPL251024P00265000,2025-10-24,265.0,PUT,19.5,19.2,20.7,41.0,112,0.33423517333984376,14
cca58207-ab0e-4fb5-958a-36227e23fc7e,2025-10-10 20:44:39,AAPL,245.27000427246094,AAPL251024P00270000,2025-10-24,270.0,PUT,22.5,23.9,25.5,28.0,329,0.36597313720703123,14
cca58207-ab0e-4fb5-958a-36227e23fc7e,2025-10-10 20:44:39,AAPL,245.27000427246094,AAPL251024P00275000,2025-10-24,275.0,PUT,23.34,28.95,30.7,26.0,102,0.4414118359375,14
cca58207-ab0e-4fb5-958a-36227e23fc7e,2025-10-10 20:44:39,AAPL,245.27000427246094,AAPL251024P00280000,2025-10-24,280.0,PUT,34.1,34.05,35.5,40.0,40,0.4643608251953125,14
cca58207-ab0e-4fb5-958a-36227e23fc7e,2025-10-10 20:44:39,AAPL,245.27000427246094,AAPL251024P00285000,2025-10-24,285.0,PUT,28.77,38.95,40.6,1.0,0,0.5249070947265625,14
cca58207-ab0e-4fb5-958a-36227e23fc7e,2025-10-10 20:44:39,AAPL,245.27000427246094,AAPL251024P00290000,2025-10-24,290.0,PUT,51.75,44.05,45.55,,0,0.5625043750000001,14
cca58207-ab0e-4fb5-958a-36227e23fc7e,2025-10-10 20:44:39,AAPL,245.27000427246094,AAPL251024P00295000,2025-10-24,295.0,PUT,38.47,48.95,50.65,1.0,0,0.6213416772460938,14
cca58207-ab0e-4fb5-958a-36227e23fc7e,2025-10-10 20:44:39,AAPL,245.27000427246094,AAPL251024P00300000,2025-10-24,300.0,PUT,44.2,54.05,55.55,,0,0.647464462890625,14
cca58207-ab0e-4fb5-958a-36227e23fc7e,2025-10-10 20:44:39,AAPL,245.27000427246094,AAPL251024P00325000,2025-10-24,325.0,PUT,97.87,78.8,80.65,,0,0.858399853515625,14
cca58207-ab0e-4fb5-958a-36227e23fc7e,2025-10-10 20:44:39,AAPL,245.27000427246094,AAPL251031C00140000,2025-10-31,140.0,CALL,116.0,104.2,106.9,1.0,3,1.0927779736328125,21
cca58207-ab0e-4fb5-958a-36227e23fc7e,2025-10-10 20:44:39,AAPL,245.27000427246094,AAPL251031C00155000,2025-10-31,155.0,CALL,99.15,89.2,92.1,1.0,1,0.9570316796874999,21
cca58207-ab0e-4fb5-958a-36227e23fc7e,2025-10-10 20:44:39,AAPL,245.27000427246094,AAPL251031C00170000,2025-10-31,170.0,CALL,84.96,74.7,77.0,1.0,7,0.8457046679687499,21
cca58207-ab0e-4fb5-958a-36227e23fc7e,2025-10-10 20:44:39,AAPL,245.27000427246094,AAPL251031C00180000,2025-10-31,180.0,CALL,79.38,64.7,67.1,9.0,11,0.7438990454101562,21
cca58207-ab0e-4fb5-958a-36227e23fc7e,2025-10-10 20:44:39,AAPL,245.27000427246094,AAPL251031C00185000,2025-10-31,185.0,CALL,72.14,59.3,62.25,2.0,4,0.6601596484375001,21
cca58207-ab0e-4fb5-958a-36227e23fc7e,2025-10-10 20:44:39,AAPL,245.27000427246094,AAPL251031C00190000,2025-10-31,190.0,CALL,57.0,54.8,57.2,3.0,4,0.6528355029296876,21
cca58207-ab0e-4fb5-958a-36227e23fc7e,2025-10-10 20:44:39,AAPL,245.27000427246094,AAPL251031C00195000,2025-10-31,195.0,CALL,63.33,49.8,52.1,3.0,149,0.5891154370117189,21
cca58207-ab0e-4fb5-958a-36227e23fc7e,2025-10-10 20:44:39,AAPL,245.27000427246094,AAPL251031C00200000,2025-10-31,200.0,CALL,47.0,44.85,47.35,1.0,90,0.5593305786132813,21
cca58207-ab0e-4fb5-958a-36227e23fc7e,2025-10-10 20:44:39,AAPL,245.27000427246094,AAPL251031C00205000,2025-10-31,205.0,CALL,44.0,41.1,41.55,46.0,7,0.5344284838867188,21
cca58207-ab0e-4fb5-958a-36227e23fc7e,2025-10-10 20:44:39,AAPL,245.27000427246094,AAPL251031C00210000,2025-10-31,210.0,CALL,36.28,36.3,36.75,7.0,74,0.5002491381835938,21
cca58207-ab0e-4fb5-958a-36227e23fc7e,2025-10-10 20:44:39,AAPL,245.27000427246094,AAPL251031C00215000,2025-10-31,215.0,CALL,33.0,31.6,31.9,11.0,68,0.47730014892578126,21
cca58207-ab0e-4fb5-958a-36227e23fc7e,2025-10-10 20:44:39,AAPL,245.27000427246094,AAPL251031C00220000,2025-10-31,220.0,CALL,29.1,26.95,27.35,74.0,85,0.4515435705566406,21
cca58207-ab0e-4fb5-958a-36227e23fc7e,2025-10-10 20:44:39,AAPL,245.27000427246094,AAPL251031C00225000,2025-10-31,225.0,CALL,23.4,22.55,22.9,75.0,2123,0.4237118176269531,21
cca58207-ab0e-4fb5-958a-36227e23fc7e,2025-10-10 20:44:39,AAPL,245.27000427246094,AAPL251031C00230000,2025-10-31,230.0,CALL,18.32,18.35,18.75,155.0,752,0.4030821411132813,21
cca58207-ab0e-4fb5-958a-36227e23fc7e,2025-10-10 20:44:39,AAPL,245.27000427246094,AAPL251031C00235000,2025-10-31,235.0,CALL,15.57,14.5,15.1,367.0,827,0.39417109741210943,21
cca58207-ab0e-4fb5-958a-36227e23fc7e,2025-10-10 20:44:39,AAPL,245.27000427246094,AAPL251031C00240000,2025-10-31,240.0,CALL,11.15,11.2,11.45,287.0,1888,0.36865865722656255,21
cca58207-ab0e-4fb5-958a-36227e23fc7e,2025-10-10 20:44:39,AAPL,245.27000427246094,AAPL251031C00245000,2025-10-31,245.0,CALL,8.2,8.25,8.4,1287.0,2418,0.35242346801757807,21
cca58207-ab0e-4fb5-958a-36227e23fc7e,2025-10-10 20:44:39,AAPL,245.27000427246094,AAPL251031C00250000,2025-10-31,250.0,CALL,5.92,5.8,6.0,1689.0,5604,0.3438786315917969,21
cca58207-ab0e-4fb5-958a-36227e23fc7e,2025-10-10 20:44:39,AAPL,245.27000427246094,AAPL251031C00255000,2025-10-31,255.0,CALL,3.95,3.95,4.1,3762.0,4404,0.3363103479003906,21
cca58207-ab0e-4fb5-958a-36227e23fc7e,2025-10-10 20:44:39,AAPL,245.27000427246094,AAPL251031C00260000,2025-10-31,260.0,CALL,2.59,2.54,2.74,7205.0,5944,0.33313655151367194,21
cca58207-ab0e-4fb5-958a-36227e23fc7e,2025-10-10 20:44:39,AAPL,245.27000427246094,AAPL251031C00265000,2025-10-31,265.0,CALL,1.68,1.66,1.75,4877.0,5208,0.32971861694335935,21
cca58207-ab0e-4fb5-958a-36227e23fc7e,2025-10-10 20:44:39,AAPL,245.27000427246094,AAPL251031C00270000,2025-10-31,270.0,CALL,1.08,1.06,1.12,3397.0,8241,0.33081723876953123,21
cca58207-ab0e-4fb5-958a-36227e23fc7e,2025-10-10 20:44:39,AAPL,245.27000427246094,AAPL251031C00275000,2025-10-31,275.0,CALL,0.69,0.68,0.73,1849.0,3282,0.3354558642578125,21
cca58207-ab0e-4fb5-958a-36227e23fc7e,2025-10-10 20:44:39,AAPL,245.27000427246094,AAPL251031C00280000,2025-10-31,280.0,CALL,0.48,0.45,0.49,845.0,5928,0.3430241479492187,21
cca58207-ab0e-4fb5-958a-36227e23fc7e,2025-10-10 20:44:39,AAPL,245.27000427246094,AAPL251031C00285000,2025-10-31,285.0,CALL,0.31,0.3,0.33,297.0,1257,0.3505924316406249,21
cca58207-ab0e-4fb5-958a-36227e23fc7e,2025-10-10 20:44:39,AAPL,245.27000427246094,AAPL251031C00290000,2025-10-31,290.0,CALL,0.23,0.22,0.24,3231.0,9669,0.3627993408203125,21
cca58207-ab0e-4fb5-958a-36227e23fc7e,2025-10-10 20:44:39,AAPL,245.27000427246094,AAPL251031C00295000,2025-10-31,295.0,CALL,0.15,0.15,0.17,45.0,1475,0.372076591796875,21
cca58207-ab0e-4fb5-958a-36227e23fc7e,2025-10-10 20:44:39,AAPL,245.27000427246094,AAPL251031C00300000,2025-10-31,300.0,CALL,0.11,0.11,0.13,1518.0,2105,0.3857483300781249,21
cca58207-ab0e-4fb5-958a-36227e23fc7e,2025-10-10 20:44:39,AAPL,245.27000427246094,AAPL251031C00305000,2025-10-31,305.0,CALL,0.08,0.07,0.1,103.0,1027,0.397466962890625,21
cca58207-ab0e-4fb5-958a-36227e23fc7e,2025-10-10 20:44:39,AAPL,245.27000427246094,AAPL251031C00310000,2025-10-31,310.0,CALL,0.07,0.04,0.07,34.0,479,0.40430283203125,21
cca58207-ab0e-4fb5-958a-36227e23fc7e,2025-10-10 20:44:39,AAPL,245.27000427246094,AAPL251031C00315000,2025-10-31,315.0,CALL,0.06,0.02,0.06,1.0,103,0.42090422851562503,21
cca58207-ab0e-4fb5-958a-36227e23fc7e,2025-10-10 20:44:39,AAPL,245.27000427246094,AAPL251031C00320000,2025-10-31,320.0,CALL,0.04,0.01,0.05,2.0,1178,0.43555251953125,21
cca58207-ab0e-4fb5-958a-36227e23fc7e,2025-10-10 20:44:39,AAPL,245.27000427246094,AAPL251031C00325000,2025-10-31,325.0,CALL,0.04,0.02,0.21,152.0,310,0.5039112109375,21
cca58207-ab0e-4fb5-958a-36227e23fc7e,2025-10-10 20:44:39,AAPL,245.27000427246094,AAPL251031P00110000,2025-10-31,110.0,PUT,0.01,0.0,0.23,1.0,14,1.3515657421874998,21
cca58207-ab0e-4fb5-958a-36227e23fc7e,2025-10-10 20:44:39,AAPL,245.27000427246094,AAPL251031P00120000,2025-10-31,120.0,PUT,0.05,0.0,0.23,,1,1.2148476757812499,21
cca58207-ab0e-4fb5-958a-36227e23fc7e,2025-10-10 20:44:39,AAPL,245.27000427246094,AAPL251031P00125000,2025-10-31,125.0,PUT,0.09,0.0,0.24,5.0,5,1.15625421875,21
cca58207-ab0e-4fb5-958a-36227e23fc7e,2025-10-10 20:44:39,AAPL,245.27000427246094,AAPL251031P00130000,2025-10-31,130.0,PUT,0.05,0.0,0.23,1.0,13,1.08984830078125,21
cca58207-ab0e-4fb5-958a-36227e23fc7e,2025-10-10 20:44:39,AAPL,245.27000427246094,AAPL251031P00135000,2025-10-31,135.0,PUT,0.02,0.0,0.23,4.0,2,1.0293017285156252,21
cca58207-ab0e-4fb5-958a-36227e23fc7e,2025-10-10 20:44:39,AAPL,245.27000427246094,AAPL251031P00140000,2025-10-31,140.0,PUT,0.09,0.0,0.25,1.0,23,0.98242205078125,21
cca58207-ab0e-4fb5-958a-36227e23fc7e,2025-10-10 20:44:39,AAPL,245.27000427246094,AAPL251031P00145000,2025-10-31,145.0,PUT,0.02,0.0,0.25,1.0,17,0.9257819921875,21
cca58207-ab0e-4fb5-958a-36227e23fc7e,2025-10-10 20:44:39,AAPL,245.27000427246094,AAPL251031P00150000,2025-10-31,150.0,PUT,0.02,0.0,0.23,4.0,57,0.8623060644531251,21
cca58207-ab0e-4fb5-958a-36227e23fc7e,2025-10-10 20:44:39,AAPL,245.27000427246094,AAPL251031P00155000,2025-10-31,155.0,PUT,0.04,0.0,0.2,2.0,43,0.79687703125,21
cca58207-ab0e-4fb5-958a-36227e23fc7e,2025-10-10 20:44:39,AAPL,245.27000427246094,AAPL251031P00160000,2025-10-31,160.0,PUT,0.03,0.02,0.16,69.0,148,0.73633076171875,21
cca58207-ab0e-4fb5-958a-36227e23fc7e,2025-10-10 20:44:39,AAPL,245.27000427246094,AAPL251031P00165000,2025-10-31,165.0,PUT,0.03,0.04,0.07,10.0,19,0.65039412109375,21
cca58207-ab0e-4fb5-958a-36227e23fc7e,2025-10-10 20:44:39,AAPL,245.27000427246094,AAPL251031P00170000,2025-10-31,170.0,PUT,0.06,0.05,0.09,2.0,51,0.62305064453125,21
cca58207-ab0e-4fb5-958a-36227e23fc7e,2025-10-10 20:44:39,AAPL,245.27000427246094,AAPL251031P00175000,2025-10-31,175.0,PUT,0.05,0.07,0.11,25.0,41,0.59570716796875,21
cca58207-ab0e-4fb5-958a-36227e23fc7e,2025-10-10 20:44:39,AAPL,245.27000427246094,AAPL251031P00180000,2025-10-31,180.0,PUT,0.11,0.1,0.13,59.0,71,0.56836369140625,21
cca58207-ab0e-4fb5-958a-36227e23fc7e,2025-10-10 20:44:39,AAPL,245.27000427246094,AAPL251031P00185000,2025-10-31,185.0,PUT,0.13,0.13,0.16,54.0,179,0.5410202148437502,21
cca58207-ab0e-4fb5-958a-36227e23fc7e,2025-10-10 20:44:39,AAPL,245.27000427246094,AAPL251031P00190000,2025-10-31,190.0,PUT,0.19,0.17,0.21,47.0,219,0.51562984375,21
cca58207-ab0e-4fb5-958a-36227e23fc7e,2025-10-10 20:44:39,AAPL,245.27000427246094,AAPL251031P00195000,2025-10-31,195.0,PUT,0.19,0.23,0.27,3.0,121,0.49707534179687507,21
cca58207-ab0e-4fb5-958a-36227e23fc7e,2025-10-10 20:44:39,AAPL,245.27000427246094,AAPL251031P00200000,2025-10-31,200.0,PUT,0.33,0.33,0.35,1765.0,597,0.47070841796875,21
cca58207-ab0e-4fb5-958a-36227e23fc7e,2025-10-10 20:44:39,AAPL,245.27000427246094,AAPL251031P00205000,2025-10-31,205.0,PUT,0.4,0.41,0.48,75.0,143,0.4489801196289062,21
cca58207-ab0e-4fb5-958a-36227e23fc7e,2025-10-10 20:44:39,AAPL,245.27000427246094,AAPL251031P00210000,2025-10-31,210.0,PUT,0.64,0.6,0.67,97.0,647,0.42896078857421877,21
cca58207-ab0e-4fb5-958a-36227e23fc7e,2025-10-10 20:44:39,AAPL,245.27000427246094,AAPL251031P00215000,2025-10-31,215.0,PUT,0.93,0.84,0.9,374.0,388,0.4050352465820312,21
cca58207-ab0e-4fb5-958a-36227e23fc7e,2025-10-10 20:44:39,AAPL,245.27000427246094,AAPL251031P00220000,2025-10-31,220.0,PUT,1.29,1.2,1.29,286.0,990,0.387701435546875,21
cca58207-ab0e-4fb5-958a-36227e23fc7e,2025-10-10 20:44:39,AAPL,245.27000427246094,AAPL251031P00225000,2025-10-31,225.0,PUT,1.83,1.71,1.85,390.0,1480,0.37134417724609375,21
cca58207-ab0e-4fb5-958a-36227e23fc7e,2025-10-10 20:44:39,AAPL,245.27000427246094,AAPL251031P00230000,2025-10-31,230.0,PUT,2.69,2.45,2.72,1282.0,2645,0.36035795898437495,21
cca58207-ab0e-4fb5-958a-36227e23fc7e,2025-10-10 20:44:39,AAPL,245.27000427246094,AAPL251031P00235000,2025-10-31,235.0,PUT,3.75,3.6,3.9,2399.0,1312,0.3487613952636719,21
cca58207-ab0e-4fb5-958a-36227e23fc7e,2025-10-10 20:44:39,AAPL,245.27000427246094,AAPL251031P00240000,2025-10-31,240.0,PUT,5.45,5.3,5.5,2962.0,3117,0.3384465570068359,21
cca58207-ab0e-4fb5-958a-36227e23fc7e,2025-10-10 20:44:39,AAPL,245.27000427246094,AAPL251031P00245000,2025-10-31,245.0,PUT,7.56,7.3,7.55,3092.0,3489,0.32770447692871096,21
cca58207-ab0e-4fb5-958a-36227e23fc7e,2025-10-10 20:44:39,AAPL,245.27000427246094,AAPL251031P00250000,2025-10-31,250.0,PUT,10.0,9.8,10.15,2698.0,3162,0.31873239868164055,21
cca58207-ab0e-4fb5-958a-36227e23fc7e,2025-10-10 20:44:39,AAPL,245.27000427246094,AAPL251031P00255000,2025-10-31,255.0,PUT,13.31,12.95,13.35,437.0,1674,0.3136054968261719,21
cca58207-ab0e-4fb5-958a-36227e23fc7e,2025-10-10 20:44:39,AAPL,245.27000427246094,AAPL251031P00260000,2025-10-31,260.0,PUT,15.95,15.8,18.05,394.0,815,0.36389796264648444,21
cca58207-ab0e-4fb5-958a-36227e23fc7e,2025-10-10 20:44:39,AAPL,245.27000427246094,AAPL251031P00265000,2025-10-31,265.0,PUT,20.05,20.6,21.05,41.0,299,0.30005582763671873,21
cca58207-ab0e-4fb5-958a-36227e23fc7e,2025-10-10 20:44:39,AAPL,245.27000427246094,AAPL251031P00270000,2025-10-31,270.0,PUT,21.5,24.5,26.05,2.0,177,0.34717449707031245,21
cca58207-ab0e-4fb5-958a-36227e23fc7e,2025-10-10 20:44:39,AAPL,245.27000427246094,AAPL251031P00275000,2025-10-31,275.0,PUT,21.3,29.05,30.9,20.0,26,0.3789124609375,21
cca58207-ab0e-4fb5-958a-36227e23fc7e,2025-10-10 20:44:39,AAPL,245.27000427246094,AAPL251031P00280000,2025-10-31,280.0,PUT,25.45,34.1,35.75,4.0,10,0.40601179931640624,21
cca58207-ab0e-4fb5-958a-36227e23fc7e,2025-10-10 20:44:39,AAPL,245.27000427246094,AAPL251031P00285000,2025-10-31,285.0,PUT,29.2,38.6,41.15,2.0,4,0.4845022253417969,21
cca58207-ab0e-4fb5-958a-36227e23fc7e,2025-10-10 20:44:39,AAPL,245.27000427246094,AAPL251031P00290000,2025-10-31,290.0,PUT,36.13,43.75,46.0,1.0,0,0.5094043200683593,21
cca58207-ab0e-4fb5-958a-36227e23fc7e,2025-10-10 20:44:39,AAPL,245.27000427246094,AAPL251031P00295000,2025-10-31,295.0,PUT,43.47,48.65,51.1,,0,0.5571333349609376,21
cca58207-ab0e-4fb5-958a-36227e23fc7e,2025-10-10 20:44:39,AAPL,245.27000427246094,AAPL251031P00300000,2025-10-31,300.0,PUT,43.56,53.55,56.0,5.0,0,0.5832561206054687,21
cca58207-ab0e-4fb5-958a-36227e23fc7e,2025-10-10 20:44:39,AAPL,245.27000427246094,AAPL251031P00310000,2025-10-31,310.0,PUT,56.26,63.7,66.0,,0,0.6523472265625001,21
cca58207-ab0e-4fb5-958a-36227e23fc7e,2025-10-10 20:44:39,AAPL,245.27000427246094,AAPL251031P00315000,2025-10-31,315.0,PUT,61.11,68.6,71.1,1.0,0,0.6972686523437501,21
